Counter,Hour of day,Day of year,Photovoltaics,Import-from-high-voltage-grid,Storage-output,Storage-input,Base-demand,Heat-pumps,Electro-mobility,Export-to-high-voltage-grid
1,1,1,0,3.5369935,0,0,2.0198603,0.75325227,0.763881,0
2,2,1,0,2.8063323,0,0,1.8639591,0.7720003,0.17037293,0
3,3,1,0,2.5557623,0,0,1.7389185,0.7869956,0.029848024,0
4,4,1,0,2.5570366,0,0,1.7170521,0.81013656,0.029848024,0
5,5,1,0,2.7194648,0,0,1.7284101,0.8242901,0.16676463,0
6,6,1,0,3.631108,0,0,2.0992513,1.0888183,0.4430384,0
7,7,1,0,4.6042433,0,0,2.5905156,0.9380317,1.0756958,0
8,8,1,0,6.5386863,0,0,3.049443,1.0641193,2.4251242,0
9,9,1,0.609558,7.195371,0,0,3.2819889,1.2168872,3.3060532,0
10,10,1,1.0874425,6.3904257,0,0,3.489193,1.2504442,2.738231,0
11,11,1,2.658749,4.2907124,0,0,3.7589724,1.0201274,2.1703618,0
12,12,1,3.7118275,3.736497,0,0,4.573297,0.8086121,2.0664155,0
13,13,1,4.1382704,3.7026973,0,0,4.377189,0.65486056,2.808918,0
14,14,1,4.118923,3.6768305,0,0,3.8221612,0.8758881,3.0977042,0
15,15,1,2.4464772,4.266828,0,0,3.5301652,0.88685966,2.2962804,0
16,16,1,0.9616867,6.386408,0,0,3.3268206,0.6719048,3.3493693,0
17,17,1,0.25522843,7.0128527,0,0,3.3847218,0.7412862,3.142073,0
18,18,1,0,7.1418624,0,0,3.5268347,0.84976614,2.765262,0
19,19,1,0,7.7523675,0,0,4.02439,0.79357296,2.9344041,0
20,20,1,0,6.359998,0,0,3.7916386,0.997645,1.5707145,0
21,21,1,0,5.7924056,0,0,3.0872164,0.9326097,1.7725793,0
22,22,1,0,4.7875195,0,0,2.527573,0.97075826,1.2891881,0
23,23,1,0,3.8121672,0,0,2.2649987,0.8773634,0.6698053,0
24,24,1,0,3.3861847,0,0,2.2313542,0.9112958,0.24353467,0
25,25,2,0,4.7228994,0,0,2.0198603,1.0768086,1.6262307,0
26,26,2,0,2.9459999,0,0,1.8639591,1.0521927,0.029848024,0
27,27,2,0,2.8337998,0,0,1.7389185,1.0650332,0.029848024,0
28,28,2,0,2.821922,0,0,1.7170521,1.075022,0.029848024,0
29,29,2,0,3.7654002,0,0,1.7284101,1.0744386,0.96255136,0
30,30,2,0,5.045704,0,0,2.0992513,1.1234909,1.8229614,0
31,31,2,0,4.7761374,0,0,2.5905156,1.1412735,1.0443484,0
32,32,2,0,5.8430457,0,0,3.049443,1.1506158,1.6429869,0
33,33,2,0.030445963,5.5507774,0,0,3.241451,1.1004416,1.2393303,0
34,34,2,0.4685705,6.693944,0,0,3.445872,1.1443799,2.5722625,0
35,35,2,1.5098495,6.6352553,0,0,3.6785495,1.08619,3.3803656,0
36,36,2,2.380479,5.215638,0,0,4.4801025,1.019771,2.0962439,0
37,37,2,2.8620074,5.1369414,0,0,4.2878504,1.0526178,2.6584804,0
38,38,2,4.9558454,2.713956,0,0,3.880746,1.0296634,2.759392,0
39,39,2,7.6166773,1.0662757,0,0,3.892079,1.2080959,3.5827777,0
40,40,2,5.904042,2.2577405,0,0,3.6727855,1.0402248,3.448772,0
41,41,2,1.903061,5.759438,0,0,3.50007,0.88651085,3.2759182,0
42,42,2,0,6.4356966,0,0,3.5268347,0.9522874,1.9565744,0
43,43,2,0,6.098137,0,0,4.02439,0.853001,1.2207457,0
44,44,2,0,6.5454583,0,0,3.7916386,1.0169787,1.7368411,0
45,45,2,0,5.96679,0,0,3.0872164,0.9298395,1.9497341,0
46,46,2,0,6.303799,0,0,2.527573,0.8132814,2.9629447,0
47,47,2,0,4.589506,0,0,2.2649987,1.1466719,1.1778355,0
48,48,2,0,3.5840645,0,0,2.2313542,1.0155547,0.33715558,0
49,49,3,0,2.7971613,0,0,2.0198603,0.74745315,0.029848024,0
50,50,3,0,2.6507668,0,0,1.8639591,0.75695974,0.029848024,0
51,51,3,0,2.534564,0,0,1.7389185,0.76579744,0.029848024,0
52,52,3,0,3.5009632,0,0,1.7170521,0.7811882,1.002723,0
53,53,3,0,3.880154,0,0,1.7284101,0.7886751,1.3630685,0
54,54,3,0,4.641744,0,0,2.0992513,0.73418957,1.8083034,0
55,55,3,0,3.96202,0,0,2.5905156,0.9597318,0.41177237,0
56,56,3,0,4.741267,0,0,3.049443,1.2221533,0.4696707,0
57,57,3,0.36310336,5.443861,0,0,3.2647371,0.9642509,1.5779765,0
58,58,3,1.2492381,4.6252265,0,0,3.5005188,1.1459409,1.2280048,0
59,59,3,2.042319,3.6446667,0,0,3.7158222,0.74665254,1.2245109,0
60,60,3,3.3164947,3.749643,0,0,4.545624,0.7373443,1.7831699,0
61,61,3,4.781062,3.632112,0,0,4.4221845,0.7735744,3.2174153,0
62,62,3,4.356826,3.543535,0,0,3.8388145,0.7645115,3.297035,0
63,63,3,5.6230803,2.6109602,0,0,3.7525275,1.0013992,3.480114,0
64,64,3,5.2389636,2.5036936,0,0,3.6262302,0.76361775,3.3528097,0
65,65,3,1.229896,5.3744946,0,0,3.4529486,0.65976506,2.4916773,0
66,66,3,0.009738519,6.173285,0,0,3.5275164,0.6289611,2.026546,0
67,67,3,0,7.3751693,0,0,4.02439,0.75854087,2.5922382,0
68,68,3,0,6.148527,0,0,3.7916386,0.780424,1.5764649,0
69,69,3,0,5.65506,0,0,3.0872164,0.789132,1.7787111,0
70,70,3,0,5.800011,0,0,2.527573,0.8511966,2.4212415,0
71,71,3,0,4.832528,0,0,2.2649987,0.77462536,1.792904,0
72,72,3,0,5.388054,0,0,2.2313542,0.74034524,2.4163544,0
73,73,4,0,4.6605887,0,0,2.0153708,0.96251255,1.6827053,0
74,74,4,0,2.871893,0,0,1.860217,0.981828,0.029848024,0
75,75,4,0,3.307758,0,0,1.7333751,1.00107,0.573313,0
76,76,4,0,4.6802826,0,0,1.7086108,1.0152582,1.9564137,0
77,77,4,0,4.44679,0,0,1.7197495,1.0628914,1.6641492,0
78,78,4,0,4.534182,0,0,2.0878751,1.2177826,1.2285246,0
79,79,4,0,5.503576,0,0,2.5509863,1.220453,1.7321364,0
80,80,4,0.07413011,5.686488,0,0,2.9949114,1.2131629,1.552544,0
81,81,4,1.3646742,4.5070167,0,0,3.2770536,1.1794186,1.4152187,0
82,82,4,1.8985009,4.7528496,0,0,3.4923418,1.1880946,1.9709141,0
83,83,4,2.383643,3.516637,0,0,3.68837,1.2336612,0.97824895,0
84,84,4,2.9316647,4.0191593,0,0,4.433188,1.0327517,1.4848843,0
85,85,4,3.4364939,3.3816435,0,0,4.307621,0.9266118,1.5839046,0
86,86,4,4.966393,2.8420908,0,0,3.8581426,0.8345394,3.1158018,0
87,87,4,7.606228,1.1890419,0,0,3.872756,1.3444569,3.5780568,0
88,88,4,5.8308244,2.1923244,0,0,3.6479988,0.93079066,3.4443593,0
89,89,4,2.2436304,4.5464983,0,0,3.501579,0.7728926,2.5156572,0
90,90,4,0.510716,7.3843455,0,0,3.5427518,0.87829703,3.4740126,0
91,91,4,0,7.9906254,0,0,4.0087523,1.2410245,2.7408488,0
92,92,4,0,6.445621,0,0,3.7751749,0.80906534,1.8613806,0
93,93,4,0,5.851784,0,0,3.060159,0.8497557,1.9418695,0
94,94,4,0,5.172215,0,0,2.501628,0.864396,1.8061912,0
95,95,4,0,3.92859,0,0,2.2448149,0.9022515,0.78152376,0
96,96,4,0,3.4983532,0,0,2.2192295,0.9461242,0.33299965,0
97,1,5,0,5.470805,0,0,2.0153708,0.81078374,2.6446507,0
98,2,5,0,4.306881,0,0,1.860217,0.821324,1.6253399,0
99,3,5,0,2.5915143,0,0,1.7333751,0.8282913,0.029848024,0
100,4,5,0,3.3118951,0,0,1.7086108,0.85107696,0.7522074,0
101,5,5,0,4.3355594,0,0,1.7197495,0.86588377,1.7499261,0
102,6,5,0,3.9487221,0,0,2.0878751,0.95244473,0.90840244,0
103,7,5,0,5.072403,0,0,2.5509863,1.0690447,1.4523718,0
104,8,5,0.123581104,4.264479,0,0,2.998373,1.3089542,0.08073314,0
105,9,5,0.3392387,5.381505,0,0,3.2052732,1.0186577,1.496813,0
106,10,5,0.78395134,4.8673334,0,0,3.4143233,0.92534095,1.3116204,0
107,11,5,1.5340762,3.8730142,0,0,3.6289003,0.8447731,0.93341714,0
108,12,5,5.6858587,3.1804152,0,0,4.625982,0.84778714,3.3925052,0
109,13,5,8.24504,0.8846045,0,0,4.644219,1.2157123,3.2697127,0
110,14,5,7.351734,1.1549525,0,0,4.0251164,1.1297706,3.3517997,0
111,15,5,6.0516725,2.2166352,0,0,3.7639372,0.9638179,3.5405526,0
112,16,5,4.995196,3.0494585,0,0,3.5895047,1.0458467,3.409303,0
113,17,5,3.3822207,3.5900073,0,0,3.5812802,0.8180818,2.5728662,0
114,18,5,0.2384715,4.8215985,0,0,3.5236948,1.0979617,0.43841368,0
115,19,5,0,5.78673,0,0,4.0087523,0.7427995,1.0351778,0
116,20,5,0,6.194397,0,0,3.7751749,0.74834335,1.6708786,0
117,21,5,0,5.978718,0,0,3.060159,1.039166,1.8793927,0
118,22,5,0,5.4546127,0,0,2.501628,0.77041763,2.1825674,0
119,23,5,0,5.1447024,0,0,2.2448149,0.7898888,2.109999,0
120,24,5,0,3.86372,0,0,2.2192295,0.81988335,0.824607,0
121,25,6,0,4.763822,0.1564815,0,2.0153708,0.8083394,2.0965934,0
122,26,6,0,4.0016203,0,0,1.860217,0.8391338,1.3022697,0
123,27,6,0,2.6225426,0,0,1.7333751,0.85931957,0.029848024,0
124,28,6,0,3.2198558,0,0,1.7086108,0.88374996,0.62749517,0
125,29,6,0,4.13166,0,0,1.7197495,0.8947476,1.517163,0
126,30,6,0,3.9180892,0,0,2.0878751,0.83383304,0.99638116,0
127,31,6,0,3.6381092,0,0,2.5509863,0.8082655,0.2788574,0
128,32,6,0.14281179,3.7022545,0,0,2.9997191,0.81549907,0.029848024,0
129,33,6,1.3945271,3.7435622,0,0,3.2791433,0.87190485,0.9870411,0
130,34,6,3.515603,3.356166,0.35356882,0.15298888,3.605539,0.8215187,2.645291,0
131,35,6,7.5318127,1.8943129,0.24325857,0.76985687,4.048742,0.946651,3.9041348,0
132,36,6,10.59969,0.26336533,0.07576376,1.8506039,4.9699497,0.68315053,3.4351153,0
133,37,6,12.131529,0,0,2.5802586,4.916273,1.3864807,3.248516,0
134,38,6,11.955202,0,0,2.846034,4.347359,1.4322059,3.3296032,0
135,39,6,11.855545,0,0,2.6479306,4.1702085,1.5213501,3.5160565,0
136,40,6,9.061786,0.55907637,0.02584719,1.985948,3.874166,0.40018976,3.386406,0
137,41,6,5.2867146,2.4678686,0.5155735,0.8600862,3.7145948,0.47630554,3.2191699,0
138,42,6,0.9382779,3.5747147,0.63524735,0.19810355,3.5726812,0.5881622,0.78929293,0
139,43,6,0,4.918547,0.5048389,0,4.0087523,0.40997759,1.0046561,0
140,44,6,0,5.198388,0.83830947,0,3.7751749,0.62891066,1.6326119,0
141,45,6,0,4.8504033,0.707901,0,3.060159,0.6595595,1.8385857,0
142,46,6,0,3.486696,1.0413716,0,2.501628,0.68108463,1.345355,0
143,47,6,0,1.8205478,1.8387214,0,2.2448149,0.70109,0.7133644,0
144,48,6,0,0.15231529,3.09995,0,2.2192295,0.75461876,0.2784172,0
145,49,7,0,2.4303813,0,0,1.9588919,0.44164154,0.029848024,0
146,50,7,0,2.2364848,0,0,1.7519977,0.45463896,0.029848024,0
147,51,7,0,2.187187,0,0,1.6730709,0.48426795,0.029848024,0
148,52,7,0,2.852985,0,0,1.709921,0.5230328,0.6200312,0
149,53,7,0,4.1294565,0,0,1.7230816,0.5541338,1.8522412,0
150,54,7,0,4.29301,0,0,2.0938046,0.6405219,1.5586838,0
151,55,7,0,4.1120286,0,0,2.6133907,0.52665764,0.9719803,0
152,56,7,0.39297205,3.890791,0,0,3.1649334,0.67642295,0.44240654,0
153,57,7,4.2186904,3.5692718,0,0,3.727953,0.9355445,3.1244648,0
154,58,7,6.751622,2.536056,0,0,4.1669655,0.75547194,4.365241,0
155,59,7,7.645792,1.2949135,0,0,4.403867,0.55709136,3.9797473,0
156,60,7,8.973811,0.3704771,0,0.23408899,5.0538707,0.5605368,3.4957914,0
157,61,7,10.0883465,0,0,0.5809236,4.811835,1.392338,3.3032498,0
158,62,7,7.0320473,1.5253493,0,0.4638791,4.1513667,0.55523217,3.386919,0
159,63,7,3.1358278,3.4213548,0,0,3.8305905,0.5945573,2.132035,0
160,64,7,2.5144649,3.9542508,0,0,3.5531292,0.30552778,2.6100585,0
161,65,7,2.408163,3.8916476,0,0,3.316091,0.27974027,2.7039795,0
162,66,7,1.0217155,3.9567804,0,0,3.2211752,0.23291388,1.524407,0
163,67,7,0.083444946,4.7592216,0.31050572,0,3.8751462,0.19455656,1.0834697,0
164,68,7,0,5.657569,0.15713233,0,3.846882,0.2363953,1.731424,0
165,69,7,0,5.4604063,0,0,3.2533805,0.26306826,1.9439574,0
166,70,7,0,4.1158137,0.30674675,0,2.715154,0.27238777,1.4350188,0
167,71,7,0,3.280686,0.14961442,0,2.2776406,0.36975786,0.78290194,0
168,72,7,0,2.7256172,0,0,2.0196319,0.3718825,0.33410293,0
169,73,8,0,2.5044582,0,0,1.9588919,0.5157182,0.029848024,0
170,74,8,0,2.3129857,0,0,1.7519977,0.5311398,0.029848024,0
171,75,8,0,2.2475712,0,0,1.6730709,0.5446523,0.029848024,0
172,76,8,0,2.5969827,0,0,1.709921,0.55694556,0.3301161,0
173,77,8,0,3.8899696,0,0,1.7230816,0.57707316,1.5898148,0
174,78,8,0,4.2628345,0,0,2.0938046,0.54812104,1.620909,0
175,79,8,0,4.070302,0,0,2.6133907,0.64762235,0.80928886,0
176,80,8,0.98482597,3.8962986,0,0,3.2063632,0.5233512,1.15141,0
177,81,8,2.1865165,3.828311,0,0,3.5857008,0.6407597,1.788367,0
178,82,8,2.9039874,3.6430416,0,0,3.8976312,0.68220735,1.9671905,0
179,83,8,4.578023,3.1172016,0,0,4.189123,0.5645789,2.9415228,0
180,84,8,7.1274424,2.1039088,0,0,4.924625,0.9096195,3.397107,0
181,85,8,8.446629,0.45698893,0,0.40376005,4.6969147,0.58871317,3.2142303,0
182,86,8,9.417289,0,0,0.44676405,4.3183336,1.3584914,3.2936995,0
183,87,8,8.046338,0,0,0.025888933,4.1743264,0.36968997,3.4764333,0
184,88,8,6.436151,1.2047428,0,0,3.8276472,0.46387714,3.3493693,0
185,89,8,5.7063537,1.5970867,0,0,3.5469644,0.5710068,3.1854694,0
186,90,8,2.7059827,3.6022909,0,0,3.339074,0.3493124,2.6198874,0
187,91,8,0.096672654,4.757796,0.24932532,0,3.876072,0.27243647,0.9552855,0
188,92,8,0,5.444357,0.35660222,0,3.846882,0.3833625,1.5707145,0
189,93,8,0,5.4430466,0,0,3.2533805,0.41708663,1.7725793,0
190,94,8,0,4.438443,0,0,2.715154,0.434101,1.2891881,0
191,95,8,0,3.3890095,0.027280882,0,2.2776406,0.4688447,0.6698053,0
192,96,8,0,2.7714398,0,0,2.0196319,0.5082733,0.24353467,0
193,1,9,0,2.1149373,0.39951587,0,1.9588919,0.5257132,0.029848024,0
194,2,9,0,2.3400471,0,0,1.7519977,0.5582013,0.029848024,0
195,3,9,0,2.2912934,0,0,1.6730709,0.5883745,0.029848024,0
196,4,9,0,2.3510458,0,0,1.709921,0.61127687,0.029848024,0
197,5,9,0,2.3087504,0,0,1.7230816,0.5558207,0.029848024,0
198,6,9,0,2.695606,0,0,2.0938046,0.5719534,0.029848024,0
199,7,9,0.8244121,3.1862454,0,0,2.6710994,0.55630565,0.78325254,0
200,8,9,3.6568413,2.3015597,0,0,3.3934042,0.57499063,1.9900059,0
201,9,9,7.6066895,1.0624135,0.15583698,0.21569133,3.965113,0.57455176,4.069584,0
202,10,9,10.7697525,0,0,0.89526176,4.4482346,1.0562174,4.3700385,0
203,11,9,11.32415,0,0,1.9627208,4.661352,0.716185,3.9838927,0
204,12,9,11.609344,0,0,2.5663006,5.238358,0.30556735,3.4991179,0
205,13,9,11.540118,0,0,2.7060015,4.913459,0.61440796,3.30625,0
206,14,9,11.319256,0,0,2.3818233,4.451471,1.0958997,3.3900614,0
207,15,9,10.192016,0,0,1.5937659,4.3245234,0.69094837,3.5827777,0
208,16,9,7.8748794,0,0.2562792,0.5986315,3.9283583,0.15539706,3.448772,0
209,17,9,5.167342,1.1248976,0.0486793,0.0673762,3.5092335,0.06455366,2.699756,0
210,18,9,1.580077,2.651499,0,0,3.2602606,0.068085,0.9032307,0
211,19,9,0.18050414,4.5657673,0.32733586,0,3.8819401,0.10387636,1.0877906,0
212,20,9,0,4.8101997,0.9002113,0,3.846882,0.12668794,1.7368411,0
213,21,9,0,4.345095,1.0092076,0,3.2533805,0.151188,1.9497341,0
214,22,9,0,2.9614606,1.3630686,0,2.715154,0.16944082,1.4399345,0
215,23,9,0,1.1325402,2.1808088,0,2.2776406,0.24899457,0.78671396,0
216,24,9,0,0,2.742578,0,2.0196319,0.38579056,0.33715558,0
217,25,10,0,2.1918561,0.17874162,0,1.9033281,0.40583187,0.06143776,0
218,26,10,0,2.1810234,0,0,1.7071174,0.44405788,0.029848024,0
219,27,10,0,1.9167333,0.22077425,0,1.6314996,0.47615984,0.029848024,0
220,28,10,0,2.2140584,0,0,1.6705463,0.513664,0.029848024,0
221,29,10,0,2.2432382,0,0,1.6817355,0.5316547,0.029848024,0
222,30,10,0,3.5524309,0,0,2.02193,0.5706265,0.95987433,0
223,31,10,0.3444948,3.9364095,0,0,2.5129626,0.6160042,1.1519375,0
224,32,10,1.91434,3.1417735,0,0.39267096,3.0766792,0.51367366,1.0730895,0
225,33,10,7.3728037,0.30566233,0,1.249221,3.7505455,0.38598707,2.2927122,0
226,34,10,9.691346,0,0,1.641892,4.171237,1.1621269,2.7160907,0
227,35,10,8.251531,0.44675168,0,1.5706838,4.252056,0.27556384,2.5999787,0
228,36,10,9.928355,0.010262158,0,1.147495,4.924986,0.26491293,3.6012237,0
229,37,10,8.783308,0.7274655,0,1.1881855,4.5292463,0.22831188,3.5650296,0
230,38,10,10.03943,0,0,1.6927549,4.1789527,0.6425303,3.5251913,0
231,39,10,10.599445,0,0,1.7334453,4.1734157,1.2466426,3.4459417,0
232,40,10,8.686787,0.25338376,0,1.3102566,3.783655,0.15631865,3.6899405,0
233,41,10,4.3505945,2.7724638,0,0.42318872,3.2227964,0.20237768,3.2746954,0
234,42,10,1.4889892,3.9935026,0,0,3.014813,0.094447106,2.3732316,0
235,43,10,0.3194055,4.437496,0.22424585,0,3.6365502,0.11056113,1.2340363,0
236,44,10,0,4.4812536,0.640911,0,3.6792037,0.12820129,1.3147596,0
237,45,10,0,2.9622743,1.5214552,0,3.1455026,0.24069396,1.097533,0
238,46,10,0,1.5937423,1.9381202,0,2.6380334,0.27175164,0.62207747,0
239,47,10,0,0.76000047,1.8909063,0,2.1980815,0.30247742,0.15034777,0
240,48,10,0,0,2.3075714,0,1.9442816,0.33344176,0.029848024,0
241,49,11,0,2.5114398,0.092406325,0,1.9033281,0.6706701,0.029848024,0
242,50,11,0,2.4203815,0,0,1.7071174,0.683416,0.029848024,0
243,51,11,0,2.1234522,0.23193955,0,1.6314996,0.69404393,0.029848024,0
244,52,11,0,2.415851,0,0,1.6705463,0.7154566,0.029848024,0
245,53,11,0,2.428509,0,0,1.6817355,0.7169254,0.029848024,0
246,54,11,0,2.7467158,0,0,2.02193,0.69493777,0.029848024,0
247,55,11,0.5940674,2.6310003,0,0,2.5304327,0.6647869,0.029848024,0
248,56,11,3.857756,1.6600381,0.07517,0,3.2127182,0.48007593,1.9001697,0
249,57,11,8.410305,0,0.26952454,0.4638791,3.8231707,0.46252355,3.930256,0
250,58,11,10.830654,0,0,1.3916373,4.2509885,0.9993961,4.1886325,0
251,59,11,11.194153,0,0,2.2707517,4.4580393,0.669773,3.7955887,0
252,60,11,11.466201,0,0,2.6859872,5.032635,0.4230619,3.3245168,0
253,61,11,11.07326,0,0,2.6373434,4.6895432,0.6052711,3.1411028,0
254,62,11,10.512465,0,0,2.1248207,4.212065,0.94786215,3.2277167,0
255,63,11,9.845146,0,0,1.1484187,4.120615,1.1706393,3.4054732,0
256,64,11,5.8077,1.4040407,0.24728993,0.3422698,3.5821187,0.27483237,3.2598097,0
257,65,11,3.9180157,2.0806704,0.03070076,0,3.1925159,0.24572706,2.5911438,0
258,66,11,1.9514765,2.3949132,0,0,3.047187,0.22609177,1.0731106,0
259,67,11,0.41947117,3.8687043,0.43317834,0,3.6435547,0.22409052,0.85370874,0
260,68,11,0,4.665976,0.68906444,0,3.6792037,0.23475803,1.4410788,0
261,69,11,0,4.250194,0.96491367,0,3.1455026,0.4457382,1.6238669,0
262,70,11,0,2.5973694,1.704642,0,2.6380334,0.51245576,1.1515224,0
263,71,11,0,1.363469,1.9804913,0,2.1980815,0.60349333,0.54238534,0
264,72,11,0,0,2.7202196,0,1.9442816,0.63333684,0.1426011,0
265,73,12,0,1.9255967,0.39951587,0,1.9033281,0.39193642,0.029848024,0
266,74,12,0,2.1587155,0,0,1.7071174,0.4217499,0.029848024,0
267,75,12,0,2.1202638,0,0,1.6314996,0.45891613,0.029848024,0
268,76,12,0,2.2073336,0,0,1.6705463,0.5069391,0.029848024,0
269,77,12,0,2.2359676,0,0,1.6817355,0.52438426,0.029848024,0
270,78,12,0.6519549,1.9622947,0,0,2.0675669,0.5168346,0.029848024,0
271,79,12,1.8826958,1.8810295,0,0,2.6206367,0.5043249,0.6387638,0
272,80,12,5.400667,1.1708922,0.10796055,0.14942637,3.320722,0.3306425,2.8787289,0
273,81,12,9.690044,0,0,0.76273185,3.9127524,1.1349506,3.879609,0
274,82,12,10.618591,0,0,1.8399163,4.236144,0.40999615,4.132535,0
275,83,12,11.024598,0,0,2.4532218,4.446171,0.37742257,3.7477834,0
276,84,12,11.176997,0,0,2.6026483,5.0123906,0.27530783,3.286651,0
277,85,12,10.611324,0,0,2.3690846,4.6572075,0.4779256,3.1071067,0
278,86,12,10.189616,0,0,1.671642,4.189466,1.1366153,3.191893,0
279,87,12,8.729361,0,0,0.6505488,4.04251,0.67040277,3.3658993,0
280,88,12,3.0709043,2.3441644,0.067434445,0.093334876,3.390543,0.22690018,1.7717248,0
281,89,12,1.3601362,3.5100243,0,0,3.0134645,0.20193788,1.6547582,0
282,90,12,0.6480701,4.1805763,0,0,2.9559486,0.1779055,1.6947924,0
283,91,12,0.23222445,4.3887696,0,0,3.6304474,0.1858694,0.80467725,0
284,92,12,0.07841437,4.7316117,0.4638791,0,3.6846929,0.20955819,1.3796542,0
285,93,12,0,3.7557,1.3916373,0,3.1455026,0.443249,1.5585858,0
286,94,12,0,2.0790777,2.1163538,0,2.6380334,0.46119097,1.096207,0
287,95,12,0,0.8137307,2.3771908,0,2.1980815,0.49291775,0.49992234,0
288,96,12,0,0.43307683,2.174149,0,1.9442816,0.5543708,0.10857346,0
289,1,13,0,2.3024833,0,0,1.9229271,0.34970814,0.029848024,0
290,2,13,0,2.1250134,0,0,1.727265,0.36790037,0.029848024,0
291,3,13,0,2.06955,0,0,1.6520445,0.38765752,0.029848024,0
292,4,13,0,2.123568,0,0,1.6909758,0.40274417,0.029848024,0
293,5,13,0,2.1356726,0,0,1.7026635,0.403161,0.029848024,0
294,6,13,0.22404368,2.5317473,0,0,2.0682654,0.38544065,0.30208516,0
295,7,13,1.0965216,3.0983906,0,0,2.6035676,0.36317632,1.228168,0
296,8,13,2.724065,2.7808864,0.4638791,0.089084044,3.1805325,0.20521194,2.494002,0
297,9,13,7.48801,0.57968384,0.4638791,0.64204717,3.8346703,0.19712555,3.8577297,0
298,10,13,10.908895,0,0,1.6588894,4.347057,0.7946478,4.1083,0
299,11,13,10.908895,0,0,2.2713397,4.555171,0.35525185,3.7271316,0
300,12,13,10.909144,0,0,2.419911,5.1383085,0.08063193,3.2702928,0
301,13,13,10.267071,0,0,2.1046028,4.7840195,0.28602812,3.0924203,0
302,14,13,7.4023457,0.885968,0.23193955,1.5683049,4.1629086,0.05382388,2.7352157,0
303,15,13,9.617648,0,0,1.4958858,4.263171,0.50978804,3.3488033,0
304,16,13,9.38236,0,0,1.1518836,3.9964073,1.0265287,3.2075408,0
305,17,13,4.3717623,0.68679446,0.24854162,0.34400225,3.3815687,0.029726025,1.5518017,0
306,18,13,1.8304405,1.3519735,0.2257328,0,3.1737316,0.0012106576,0.23320471,0
307,19,13,0.49664122,3.4087965,0.66680306,0,3.7887454,0,0.7834955,0
308,20,13,0.05353519,3.5390399,1.5717524,0,3.7839086,0.027300043,1.353119,0
309,21,13,0,3.0282805,2.0128226,0,3.2245257,0.2861931,1.5303842,0
310,22,13,0,2.0572822,1.990014,0,2.6896183,0.28536648,1.072311,0
311,23,13,0,1.5061982,1.503326,0,2.234682,0.2932636,0.4815784,0
312,24,13,0,1.8251497,0.552759,0,1.9697908,0.3142444,0.093873486,0
313,25,14,0,2.0984375,0,0,1.9233984,0.14519122,0.029848024,0
314,26,14,0,1.7400576,0.16757633,0,1.727265,0.15052085,0.029848024,0
315,27,14,0,1.8421648,0,0,1.652838,0.1594788,0.029848024,0
316,28,14,0,1.655933,0.23193955,0,1.6946104,0.16341409,0.029848024,0
317,29,14,0,1.9074583,0,0,1.7116371,0.16597311,0.029848024,0
318,30,14,0.33502564,2.689213,0,0,2.0929818,0.15343623,0.77782065,0
319,31,14,0.5232155,4.2237706,0,0,2.5908265,0.14592269,2.010237,0
320,32,14,1.032699,5.1432114,0,0,3.1019895,0.16805696,2.905864,0
321,33,14,2.3487346,5.3177714,0,0,3.5285661,0.2110617,3.9268785,0
322,34,14,3.2344525,4.6192713,0,0,3.877739,0.12837572,3.847609,0
323,35,14,5.1087794,2.4984124,0,0.2836102,4.2307773,0.0940631,2.9987411,0
324,36,14,9.708517,0,0,1.0310994,5.1480637,0.20736277,3.321992,0
325,37,14,10.31015,0,0,1.59306,4.8905325,0.68772215,3.138836,0
326,38,14,5.3070073,1.0987605,0,1.6911414,4.1261444,0.1417177,0.44676477,0
327,39,14,6.4173326,1.4574512,0,2.2197728,4.151599,0.10063903,1.4027736,0
328,40,14,10.764325,0,0,2.2845252,4.2039604,1.0184636,3.2573755,0
329,41,14,9.746182,0,0,1.8853984,3.862798,0.901279,3.0967073,0
330,42,14,6.056264,1.2830783,0,1.0223925,3.5649443,0.020871509,2.7311337,0
331,43,14,1.7626964,2.8935838,0.4638791,0.2792567,3.960001,0.030462407,0.8504392,0
332,44,14,0.27054852,3.6781828,1.3916373,0,3.8667383,0.036647525,1.4369828,0
333,45,14,0,3.2948563,1.8555164,0,3.276109,0.25474983,1.6195139,0
334,46,14,0,2.294778,1.8555164,0,2.7253766,0.27708423,1.1478336,0
335,47,14,0,1.3687496,1.7443469,0,2.256181,0.3173615,0.53955394,0
336,48,14,0,1.330936,1.1692983,0,1.9798731,0.3800291,0.1403321,0
337,49,15,0,1.7639089,0.35649705,0,1.9560233,0.13453455,0.029848024,0
338,50,15,0,1.5735474,0.35649705,0,1.7522198,0.14797662,0.029848024,0
339,51,15,0,1.4137115,0.4682146,0,1.685183,0.16689515,0.029848024,0
340,52,15,0,1.3183664,0.64429533,0,1.7481906,0.18462312,0.029848024,0
341,53,15,0.021419818,1.6430848,0.35649705,0,1.7998251,0.19132857,0.029848024,0
342,54,15,1.6482532,0.5161253,0.35649705,0,2.313928,0.17709965,0.029848024,0
343,55,15,2.9958475,0,0.1220744,0,2.9249067,0.16316715,0.029848024,0
344,56,15,6.07474,0,0,0,3.6583343,0.096315056,2.3200905,0
345,57,15,8.898935,0,0,0.3349248,4.240419,0.5148003,3.8087912,0
346,58,15,8.945448,0,0,0.20597047,4.576331,0.10905193,4.054094,0
347,59,15,9.143455,0,0,0.4541589,4.849979,0.1583783,3.6809382,0
348,60,15,9.960118,0,0,1.1662265,5.5303493,0.029839579,3.2337036,0
349,61,15,10.444246,0,0,2.075224,5.280631,0.028820321,3.0595708,0
350,62,15,10.654255,0,0,2.5203424,4.884355,0.10775602,3.1418016,0
351,63,15,10.754395,0,0,2.5015817,4.82933,0.1129199,3.3105633,0
352,64,15,10.861204,0,0,2.0189419,4.562911,1.1070802,3.1722708,0
353,65,15,8.872497,0,0,1.0724231,4.1212015,0.65935445,3.0195177,0
354,66,15,6.626185,0,0.2198365,0.30427197,3.8834043,0.036051616,2.6222935,0
355,67,15,1.8664732,2.4253795,0.6734774,0,4.1992283,0.029984264,0.7361174,0
356,68,15,0.17768618,4.0187173,1.1744515,0,4.043109,0.03398045,1.2937658,0
357,69,15,0,3.7188733,1.2115465,0,3.4106405,0.052474678,1.4673045,0
358,70,15,0,2.538096,1.3617693,0,2.8154685,0.065535605,1.0188612,0
359,71,15,0,0.89645743,1.9758712,0,2.3085773,0.123203926,0.4405474,0
360,72,15,0,0.08067811,2.126094,0,2.0036712,0.142108,0.060993116,0
361,73,16,0,1.8561726,0.1669936,0,1.9640542,0.029263843,0.029848024,0
362,74,16,0,1.4652698,0.35649705,0,1.7748895,0.017029405,0.029848024,0
363,75,16,0,1.2832824,0.4682146,0,1.7066516,0.0149974665,0.029848024,0
364,76,16,0,1.515695,0.28779832,0,1.7585421,0.015103096,0.029848024,0
365,77,16,0.28908092,1.6020157,0,0,1.8478738,0.01337482,0.029848024,0
366,78,16,1.4234186,1.000864,0,0,2.3836064,0.010828266,0.029848024,0
367,79,16,4.5517836,0,0,0,3.1532233,0.006536551,1.3920234,0
368,80,16,8.276449,0,0,0.29194546,3.9393723,1.1361964,2.9089353,0
369,81,16,8.82797,0,0,0.12001179,4.436477,0.33925134,3.9322288,0
370,82,16,7.2933025,0,0.30188197,0.0058724876,4.716809,3.81E-05,2.8724651,0
371,83,16,9.214799,0,0.13988486,0.35561228,5.127162,0.0744586,3.7974513,0
372,84,16,10.37099,0,0,1.1692312,5.869509,0.0062568737,3.325992,0
373,85,16,10.985254,0,0,2.1045022,5.697655,0.04066972,3.1424274,0
374,86,16,11.108901,0,0,2.575894,5.303895,0,3.2291124,0
375,87,16,11.109151,0,0.20114017,2.69996,5.2033167,0,3.407015,0
376,88,16,11.108901,0,0,2.3601468,4.913105,0.5744182,3.2612317,0
377,89,16,9.282007,0,0,1.5564543,4.4749427,0.15040478,3.100205,0
378,90,16,4.821059,0,0.41453952,0.5737571,4.0434284,0,0.61841285,0
379,91,16,1.4949917,2.4387143,1.2929581,0.054939006,4.316106,0,0.85561913,0
380,92,16,0.47744253,3.238992,1.7795889,0,4.052552,0,1.4434716,0
381,93,16,0.009777474,3.2230864,1.8023406,0,3.4087942,0,1.6264105,0
382,94,16,0,2.5648258,1.3612132,0,2.7704241,0.001937694,1.1536771,0
383,95,16,0,1.5101434,1.383965,0,2.3426952,0.007373306,0.5440398,0
384,96,16,0,1.2613374,0.9428376,0,2.0451212,0.015126798,0.1439269,0
385,1,17,0,2.0428376,0,0,1.9550364,0.05795321,0.029848024,0
386,2,17,0,1.8431579,0,0,1.7499347,0.06337516,0.029848024,0
387,3,17,0,1.7820728,0,0,1.68436,0.06786478,0.029848024,0
388,4,17,0,1.8671532,0,0,1.7689967,0.06830846,0.029848024,0
389,5,17,0.27793854,1.6930764,0,0,1.8699129,0.07125386,0.029848024,0
390,6,17,0.7732744,2.1536007,0,0,2.3769886,0.105835244,0.4440511,0
391,7,17,1.9209522,3.3283718,0,0,3.026626,0.23587564,1.9868222,0
392,8,17,3.190047,3.5579178,0,0,3.6608615,0.24830791,2.8387957,0
393,9,17,4.2585917,3.0867958,0,0,4.2140703,0.05261627,3.078701,0
394,10,17,6.6603947,2.2297778,0,0,4.78844,0.066530414,4.0352015,0
395,11,17,6.374499,2.472386,0,0,5.0600724,0.10469009,3.682122,0
396,12,17,5.2849593,2.6287575,0,0,5.657252,0.045834072,2.210631,0
397,13,17,5.297454,1.3211858,0,0.4068403,5.450729,0.09794015,0.6631304,0
398,14,17,9.804168,0,0,1.2775596,5.3661585,0.01776133,3.1426885,0
399,15,17,11.109402,0,0,1.7642543,5.354071,0.6795328,3.311543,0
400,16,17,10.994162,0,0,1.7870698,5.0479217,0.9859962,3.1731744,0
401,17,17,7.7904196,0.76043725,0,1.3460063,4.501006,0,2.7038448,0
402,18,17,6.161072,0,0,0.44106358,4.2516913,0.06921003,1.3991067,0
403,19,17,4.6504755,0.72157073,0,0,4.632894,0.0018208012,0.7373313,0
404,20,17,1.7580403,3.313745,0.4638791,0,4.218258,0.022120068,1.2952863,0
405,21,17,0.026687166,3.754649,1.2032155,0,3.4662647,0.049366083,1.4689206,0
406,22,17,0,2.4004376,1.4786729,0,2.8083346,0.050545253,1.0202305,0
407,23,17,0,1.5700549,1.290251,0,2.3648672,0.053840004,0.44159877,0
408,24,17,0,1.5437169,0.6379501,0,2.0552468,0.06458469,0.06183548,0
409,25,18,0,1.6384513,0.36616793,0,1.9568355,0.017935768,0.029848024,0
410,26,18,0,1.765658,0.03334793,0,1.7499347,0.019223282,0.029848024,0
411,27,18,0,1.7360024,0,0,1.6861526,0.020001922,0.029848024,0
412,28,18,0,1.8240631,0,0,1.7760319,0.018183194,0.029848024,0
413,29,18,0.17370275,1.7530466,0,0,1.8779685,0.018932765,0.029848024,0
414,30,18,0.90062135,1.5520746,0,0,2.412063,0.010785123,0.029848024,0
415,31,18,2.8982553,1.2406727,0,0,3.1337442,0.0075325617,0.99765116,0
416,32,18,6.8906136,0.17883657,0.23193955,0.4215583,3.9720287,0,2.9078028,0
417,33,18,11.109652,0,0,1.3069957,4.7591434,1.1132563,3.930256,0
418,34,18,11.109901,0,0,1.728554,5.1778107,0.01490436,4.1886325,0
419,35,18,11.109901,0,0,1.8126442,5.480048,0.02161993,3.7955887,0
420,36,18,11.109901,0,0.055383306,1.6792119,6.1615562,0,3.3245168,0
421,37,18,11.109901,0,0,2.0096586,5.9591403,0,3.1411028,0
422,38,18,11.109652,0,0,1.9788301,5.5606513,0.3424533,3.2277167,0
423,39,18,11.109402,0,0,1.4841225,5.4552364,0.76456934,3.4054732,0
424,40,18,8.618585,0,0.14423907,0.52553594,4.977478,0,3.2598097,0
425,41,18,3.708824,1.4847527,0.022273537,0.030828424,4.3028154,0,0.882206,0
426,42,18,2.6001358,2.285663,0,0,4.0791864,0,0.80661243,0
427,43,18,1.5386372,3.3528302,0.44160557,0,4.4793644,0,0.85370874,0
428,44,18,0.31180134,3.950192,1.3470902,0,4.168005,0,1.4410788,0
429,45,18,0.048230607,3.1360688,1.9455847,0,3.505491,5.26E-04,1.6238669,0
430,46,18,0,1.9094516,2.0802,0,2.8337317,0.0043976046,1.1515224,0
431,47,18,0,1.1811308,1.7509363,0,2.3797166,0.009964976,0.54238534,0
432,48,18,0,1.263248,0.95779335,0,2.0620265,0.016413596,0.1426011,0
433,49,19,0,1.9666635,0,0,1.9240882,0.0127272755,0.029848024,0
434,50,19,0,1.7648039,0,0,1.7219348,0.013021154,0.029848024,0
435,51,19,0,1.5931067,0.11171755,0,1.6612178,0.013758505,0.029848024,0
436,52,19,0,1.511997,0.28779832,0,1.7562741,0.013673091,0.029848024,0
437,53,19,0.22442672,1.6803509,0,0,1.8649915,0.009938067,0.029848024,0
438,54,19,2.1668813,1.1468816,0,0,2.4843085,0.004692404,0.82476205,0
439,55,19,4.398543,0.8938967,0,0,3.210217,0.08145897,2.0007637,0
440,56,19,4.437562,2.212415,0,0,3.7676635,0.0035845758,2.8787289,0
441,57,19,2.93871,2.4599693,0,0,4.1529403,0.009076634,1.2366625,0
442,58,19,6.806259,1.9953798,0,0.4638791,4.8382306,0.0063260486,3.4932032,0
443,59,19,10.708604,0,0,1.3916373,5.4142103,0.15497272,3.7477834,0
444,60,19,9.8400545,0,0,1.865936,6.0367603,0.001384669,1.9359732,0
445,61,19,11.720619,0,0,2.2880895,5.956375,0.36904764,3.1071067,0
446,62,19,11.720369,0,0,2.2463639,5.560967,0.7211455,3.191893,0
447,63,19,11.550001,0,0,1.7407593,5.441341,1.002001,3.3658993,0
448,64,19,7.5360923,1.2262123,0,0.7712755,4.8597918,0,3.1312375,0
449,65,19,5.1226273,2.4538603,0,0.1536982,4.3569803,0,3.0658092,0
450,66,19,2.4250987,2.9900458,0,0,4.014874,0,1.4002706,0
451,67,19,0.5662239,4.1008177,0.4638791,0,4.3262434,0,0.80467725,0
452,68,19,0.22541556,3.829183,1.3916373,0,4.0665817,0,1.3796542,0
453,69,19,0.010473157,3.1177826,1.8624467,0,3.4299624,0.0021543982,1.5585858,0
454,70,19,0,2.0060625,1.8693769,0,2.7754292,0.0038032383,1.096207,0
455,71,19,0,1.4218725,1.4124281,0,2.3285937,0.0057846103,0.49992234,0
456,72,19,0,1.6509036,0.49160022,0,2.0189376,0.014992762,0.10857346,0
457,73,20,0,1.9706794,0,0,1.9245086,0.01632277,0.029848024,0
458,74,20,0,1.7687584,0,0,1.7219348,0.016975636,0.029848024,0
459,75,20,0,1.5999788,0.11171755,0,1.6616306,0.020217795,0.029848024,0
460,76,20,0,1.5224794,0.28779832,0,1.7578821,0.022547558,0.029848024,0
461,77,20,0.08996287,1.8150003,0,0,1.8590618,0.016053313,0.029848024,0
462,78,20,1.5512263,0.93105525,0,0,2.4471025,0.005330854,0.029848024,0
463,79,20,3.3023772,1.1822343,0,0,3.1421342,0.0039815092,1.3384956,0
464,80,20,3.717656,1.3056064,0,0,3.7288277,1.65E-04,1.2942691,0
465,81,20,5.5706077,0.99238753,0,0,4.3515825,0.00226101,2.2091517,0
466,82,20,9.132417,0,0.0014135954,0.0019565334,5.018065,0.0055086515,4.1083,0
467,83,20,9.691172,0,0,0.46779215,5.3621516,0.13409603,3.7271316,0
468,84,20,10.837694,0,0,1.3975068,6.127333,0.04256134,3.2702928,0
469,85,20,11.323132,0,0,2.2491431,5.9501815,0.03138642,3.0924203,0
470,86,20,11.671699,0,0,2.6369,5.5793424,0.2790392,3.1764174,0
471,87,20,11.719619,0,0,2.560778,5.474408,0.3356303,3.3488033,0
472,88,20,11.263433,0,0,2.0207767,5.1406145,0.89450145,3.2075408,0
473,89,20,8.884406,0,0,1.0168966,4.638329,0.17767388,3.0515072,0
474,90,20,5.6344485,0,0.19977757,0.27650875,4.2551994,0,1.302518,0
475,91,20,2.7777615,1.9178168,0.58197963,0,4.494062,0,0.7834955,0
476,92,20,0.9025011,3.14676,1.4280608,0,4.1242027,0,1.353119,0
477,93,20,0.011717246,3.1459498,1.8102628,0,3.4375458,0,1.5303842,0
478,94,20,0,1.8545399,1.998202,0,2.7804308,0,1.072311,0
479,95,20,0,1.0908076,1.7222619,0,2.331491,0,0.4815784,0
480,96,20,0,1.1316786,0.98244286,0,2.020248,0,0.093873486,0
481,1,21,0,1.979265,0,0,1.924257,0.025159828,0.029848024,0
482,2,21,0,1.5438614,0.23193955,0,1.7219348,0.02401815,0.029848024,0
483,3,21,0,1.7157507,0,0,1.6613753,0.024527423,0.029848024,0
484,4,21,0,1.6440226,0.16757633,0,1.756871,0.024879806,0.029848024,0
485,5,21,0,1.9058684,0,0,1.8505377,0.025482774,0.029848024,0
486,6,21,0.37430403,2.034338,0,0,2.360889,0.017905124,0.029848024,0
487,7,21,2.4160466,2.2643025,0,0,3.0743735,0.010544163,1.5954313,0
488,8,21,4.1272874,2.4062335,0,0,3.7497325,8.56E-04,2.782932,0
489,9,21,3.3561711,2.074384,0,0,4.1867213,0.0036638463,1.24017,0
490,10,21,4.9132977,1.4954213,0,0,4.7109056,0.0027374884,1.6950759,0
491,11,21,8.730591,0.38494167,0.1087514,0.15052098,5.2813625,0,3.7924008,0
492,12,21,10.151284,0,0,0.76492107,6.064371,0,3.321992,0
493,13,21,10.930488,0,0,1.8432002,5.906875,0.04157623,3.138836,0
494,14,21,11.438503,0,0,2.5486488,5.5468125,0.1177143,3.225328,0
495,15,21,11.674362,0,0,2.7902184,5.4552,0.02611005,3.4028342,0
496,16,21,11.716448,0,0,2.5679088,5.156997,0.7341667,3.2573755,0
497,17,21,10.576474,0,0.047053415,1.8817201,4.7426558,0.90244424,3.0967073,0
498,18,21,7.9190493,0,0.5579859,0.79060096,4.4026327,0,3.283802,0
499,19,21,4.859475,0.17851701,0.60503936,0.16336094,4.6292315,0,0.8504392,0
500,20,21,1.4844261,2.9930851,1.1159718,0,4.1565003,0,1.4369828,0
501,21,21,0.046516303,3.1811996,1.8254849,0,3.433687,0,1.6195139,0
502,22,21,0,1.8528712,2.0711188,0,2.7761564,0,1.1478336,0
503,23,21,0,1.0171345,1.8528738,0,2.328971,0.0014834532,0.53955394,0
504,24,21,0,0.9943452,1.1707495,0,2.0190878,0.005674839,0.1403321,0
505,25,22,0,1.9715863,0,0,1.9338125,0.0079256985,0.029848024,0
506,26,22,0,1.7696995,0,0,1.7293531,0.010498389,0.029848024,0
507,27,22,0,1.418787,0.28779832,0,1.6666619,0.010075408,0.029848024,0
508,28,22,0,1.6980109,0.11171755,0,1.7597872,0.020093147,0.029848024,0
509,29,22,0,1.9018207,0,0,1.8499134,0.022059323,0.029848024,0
510,30,22,0.7142625,1.720616,0,0,2.387491,0.01753921,0.029848024,0
511,31,22,2.683897,2.0456932,0,0,3.1059592,0.009962732,1.6136682,0
512,32,22,3.7349892,1.720106,0,0,3.7116158,0.0027093103,1.7407702,0
513,33,22,5.8485727,0.88820505,0,0,4.3278875,0.0058653564,2.4030252,0
514,34,22,9.963499,0,0,0.4638791,5.020889,0.42463756,4.054094,0
515,35,22,8.312459,0.51163816,0,0.54760724,5.216644,1.57E-04,3.059689,0
516,36,22,8.804094,0.26644638,0,1.0952145,5.9210625,0.018151019,2.0361135,0
517,37,22,11.681116,0,0,1.8536507,5.893137,0.8747573,3.0595708,0
518,38,22,10.955199,0,0,2.148208,5.4321356,0.2330538,3.1418016,0
519,39,22,10.3345,0.24370031,0,1.9788859,5.2887516,0,3.3105633,0
520,40,22,9.471309,0,0,1.3456848,4.923681,0.02967229,3.1722708,0
521,41,22,8.6398945,0,0,0.64040697,4.532976,0.4469937,3.0195177,0
522,42,22,6.333064,0,0,0.08826394,4.228722,0,2.0160778,0
523,43,22,3.0793877,1.6467924,0.44103718,0,4.4311,0,0.7361174,0
524,44,22,0.56509554,3.4258919,1.3459535,0,4.043175,0,1.2937658,0
525,45,22,0,3.081994,1.7869906,0,3.3965702,0.005109866,1.4673045,0
526,46,22,0,2.016207,1.7641487,0,2.757921,0.003573561,1.0188612,0
527,47,22,0,1.4854861,1.2774277,0,2.3202968,0.0020697778,0.4405474,0
528,48,22,0,1.7612505,0.3268276,0,2.0189025,0.008182496,0.060993116,0
529,49,23,0,1.9734377,0,0,1.9322083,0.011381315,0.029848024,0
530,50,23,0,1.772789,0,0,1.7293531,0.013587976,0.029848024,0
531,51,23,0,1.7080911,0,0,1.6650513,0.013191819,0.029848024,0
532,52,23,0,1.5600843,0.22866605,0,1.7534424,0.0054599647,0.029848024,0
533,53,23,0,1.6971539,0.17084982,0,1.8360152,0.0021405783,0.029848024,0
534,54,23,0.34586924,2.0234826,0,0,2.3379319,0.0015718444,0.029848024,0
535,55,23,1.1322966,2.1099434,0,0,2.96204,0,0.28020012,0
536,56,23,2.8252044,2.6229928,0,0,3.6002018,0,1.8479953,0
537,57,23,4.7222877,2.7606428,0,0,4.188849,0.05629484,3.2377868,0
538,58,23,6.3440194,2.253846,0,0,4.6956534,0,3.9022117,0
539,59,23,7.89949,1.1602378,0.25608072,0.354437,5.1057825,0.058137543,3.7974513,0
540,60,23,10.407566,0,0.051229697,1.1727531,5.943549,0.016501343,3.325992,0
541,61,23,11.394247,0,0,2.150204,5.778312,0.32330382,3.1424274,0
542,62,23,11.680865,0,0,2.6637757,5.3863597,0.40161774,3.2291124,0
543,63,23,11.680865,0,0,2.7134686,5.287887,0.2724951,3.407015,0
544,64,23,11.466551,0,0,2.299282,4.972897,0.93314016,3.2612317,0
545,65,23,9.010165,0,0,1.4212165,4.4759884,0.012755192,3.100205,0
546,66,23,5.594091,0,0.34939998,0.4835986,4.1040053,0,1.3558868,0
547,67,23,2.2949414,2.1847646,0.7005912,0.009859752,4.3148184,0,0.85561913,0
548,68,23,0.4291991,3.483428,1.5156615,0,3.9848168,0,1.4434716,0
549,69,23,0,3.1198554,1.8668526,0,3.3602977,0,1.6264105,0
550,70,23,0,1.9086685,1.9838837,0,2.7334046,0.0054704286,1.1536771,0
551,71,23,0,1.223662,1.6370358,0,2.305908,0.0107500665,0.5440398,0
552,72,23,0,1.3424294,0.8263088,0,2.0123084,0.012502911,0.1439269,0
553,73,24,0,1.9737868,0,0,1.9297833,0.014155354,0.029848024,0
554,74,24,0,1.5134345,0.253711,0,1.7293531,0.007944399,0.029848024,0
555,75,24,0,1.657569,0.043542854,0,1.6626185,0.008645329,0.029848024,0
556,76,24,0,1.7847474,0,0,1.7438617,0.01103766,0.029848024,0
557,77,24,0,1.8565946,0,0,1.8150362,0.01171038,0.029848024,0
558,78,24,0.3251229,2.0165248,0,0,2.3006086,0.011191176,0.029848024,0
559,79,24,2.0744386,2.2284365,0,0,2.97473,0.0062921382,1.3218528,0
560,80,24,4.4902873,1.8947735,0.10226204,0,3.6447835,0.0037435074,2.8387957,0
561,81,24,6.866493,1.3083887,0.28307056,0.39179316,4.248195,0.0079195,3.810045,0
562,82,24,10.328087,0,0,1.2474655,4.8662286,0.15890992,4.0554824,0
563,83,24,11.237529,0,0,2.204058,5.215983,0.13536552,3.682122,0
564,84,24,11.681116,0,0.14905575,2.6967714,5.897525,0.0012342152,3.234641,0
565,85,24,11.680865,0,0,2.7256057,5.6557364,0.239111,3.0604124,0
566,86,24,11.445489,0,0,2.2905612,5.2245393,0.7877004,3.1426885,0
567,87,24,10.564209,0,0,1.3916373,5.0666227,0.7944058,3.311543,0
568,88,24,4.466024,1.749655,0.33515266,0.4638791,4.346815,1.58E-04,1.7399791,0
569,89,24,1.7965286,2.6214824,0.2064262,0,3.846375,0,0.7780622,0
570,90,24,2.3277001,3.1029801,0,0,3.765647,6.94E-04,1.6643397,0
571,91,24,1.8272961,3.099899,0,0,4.189864,0,0.7373313,0
572,92,24,0.294376,4.440349,0.4638791,0,3.902003,0.001314557,1.2952863,0
573,93,24,0,3.396443,1.3874122,0,3.3058252,0.00910905,1.4689206,0
574,94,24,0,1.6431458,2.080541,0,2.6965988,0.006857406,1.0202305,0
575,95,24,0,0.4215256,2.3097906,0,2.284313,0.0054044505,0.44159877,0
576,96,24,0,0,2.0751612,0,2.0024145,0.0109111555,0.06183548,0
577,1,25,0,2.042622,0,0,1.9253079,0.08746607,0.029848024,0
578,2,25,0,1.8585612,0,0,1.73415,0.094563045,0.029848024,0
579,3,25,0,1.6804416,0.11171755,0,1.6643614,0.09794974,0.029848024,0
580,4,25,0,1.5974201,0.28779832,0,1.7305185,0.12485187,0.029848024,0
581,5,25,0,1.9582528,0,0,1.7886813,0.13972357,0.029848024,0
582,6,25,0.035841543,2.3663368,0,0,2.221323,0.15100747,0.029848024,0
583,7,25,2.6453202,2.4615083,0,0,2.9488182,0.14709622,2.0109138,0
584,8,25,4.4863563,2.101104,0.05777327,0.09509463,3.5858464,0.056489885,2.9078028,0
585,9,25,7.351453,1.3861583,0.10768413,0.65406835,4.201202,0.05976923,3.930256,0
586,10,25,10.558078,0.024065867,0.0892814,1.6769211,4.758343,0.04752775,4.1886325,0
587,11,25,12.107993,0,0,2.4313877,5.086442,0.7945746,3.7955887,0
588,12,25,12.172968,0,0,2.721975,5.7086477,0.4178288,3.3245168,0
589,13,25,11.964747,0,0,2.5486834,5.4218636,0.85309815,3.1411028,0
590,14,25,8.43301,0.07546822,0.23193955,1.9115125,4.7532997,0.019717798,2.055888,0
591,15,25,7.8060665,1.0904659,0,0.81046253,4.650901,0.029696086,3.4054732,0
592,16,25,5.90158,1.8748956,0,0.17329173,4.2353683,0.1080057,3.2598097,0
593,17,25,3.098742,2.079205,0,0,3.7776294,0.014842891,1.3854748,0
594,18,25,1.3721013,2.6496043,0,0,3.542785,0.017011102,0.4619097,0
595,19,25,0.21495901,4.689693,0.017766593,0,4.059921,0.008789278,0.85370874,0
596,20,25,0.011817053,4.826731,0.49941227,0,3.8757386,0.021143332,1.4410788,0
597,21,25,0,3.5364268,1.4449371,0,3.302953,0.05454399,1.6238669,0
598,22,25,0,1.9972452,1.9265828,0,2.7124448,0.05986075,1.1515224,0
599,23,25,0,0.553384,2.3416576,0,2.2662227,0.086433716,0.54238534,0
600,24,25,0,0,2.2928536,0,2.0036418,0.14661062,0.1426011,0
601,25,26,0,1.8419667,0.16757633,0,1.9194894,0.060205746,0.029848024,0
602,26,26,0,1.8272339,0,0,1.73415,0.063235804,0.029848024,0
603,27,26,0,1.759649,0,0,1.6584702,0.071330905,0.029848024,0
604,28,26,0,1.5810281,0.23193955,0,1.7072086,0.075910985,0.029848024,0
605,29,26,0,1.8453315,0,0,1.7373965,0.07808706,0.029848024,0
606,30,26,0,2.2314599,0,0,2.130701,0.070910886,0.029848024,0
607,31,26,1.2471231,3.1994753,0,0,2.7194774,0.18596682,1.5411541,0
608,32,26,1.9831953,3.269015,0,0,3.2320807,0.036506295,1.9836235,0
609,33,26,3.4302335,2.8984544,0,0,3.7004623,0.035547722,2.5926778,0
610,34,26,6.562981,2.0122063,0.23193955,0.43120575,4.2072635,0.036123004,4.132535,0
611,35,26,9.323116,0.43769297,0,1.3262906,4.58049,0.10624524,3.7477834,0
612,36,26,11.000925,0,0,2.2671182,5.2842865,0.16286965,3.286651,0
613,37,26,11.9661255,0,0,2.7440665,5.0587835,1.0561688,3.1071067,0
614,38,26,11.578645,0,0,2.7571359,4.601392,1.0282235,3.191893,0
615,39,26,10.147998,0,0,2.3063262,4.4464297,0.029342983,3.3658993,0
616,40,26,7.645856,0.58054394,0.39951587,1.3916373,4.0052156,0.005753925,3.223309,0
617,41,26,4.115189,1.6717417,0.33515266,0.4638791,3.5241241,7.54E-04,2.1333263,0
618,42,26,1.1633606,3.1263082,0,0,3.240739,0.0046432996,1.0442863,0
619,43,26,0.1086151,4.465211,0.040246513,0,3.8093953,0,0.80467725,0
620,44,26,0,4.517199,0.54437214,0,3.6802886,0.0016283258,1.3796542,0
621,45,26,0,3.208112,1.5123768,0,3.157544,0.0043591103,1.5585858,0
622,46,26,0,1.6952678,2.0165024,0,2.6135476,0.0020154186,1.096207,0
623,47,26,0,0.41983673,2.2966979,0,2.2078044,0.00880792,0.49992234,0
624,48,26,0,0,2.1130142,0,1.9766908,0.02774996,0.10857346,0
625,49,27,0,1.8279177,0.13706411,0,1.9159648,0.019168912,0.029848024,0
626,50,27,0,1.7856386,0,0,1.73415,0.021640483,0.029848024,0
627,51,27,0,1.7070539,0,0,1.6550556,0.02215023,0.029848024,0
628,52,27,0,1.7435129,0,0,1.6940032,0.019661546,0.029848024,0
629,53,27,0,1.9137563,0,0,1.7090132,0.023364427,0.18137859,0
630,54,27,0,3.6069107,0,0,2.083088,0.015667181,1.5081557,0
631,55,27,0.20654915,4.460018,0,0,2.5773182,0.107120186,1.9821287,0
632,56,27,0.6759978,4.4635935,0,0,3.0487742,0.010719302,2.080098,0
633,57,27,1.3161296,4.3478518,0,0,3.439109,0.020611517,2.2042608,0
634,58,27,2.5365534,4.2996902,0.4638791,0.27879217,3.792981,0.019759629,3.20859,0
635,59,27,4.195949,3.8006654,0.69581866,1.0214634,4.0739326,0.0053152665,3.5917218,0
636,60,27,7.874962,2.1314466,0.4638791,2.1868162,4.907463,0.10571601,3.2702928,0
637,61,27,11.0433445,0,0,2.88829,4.831354,0.23127972,3.0924203,0
638,62,27,11.807779,0,0,3.1258845,4.4555254,1.0499517,3.1764174,0
639,63,27,11.572214,0,0,2.8996,4.3907237,0.93308675,3.3488033,0
640,64,27,5.6436424,1.3643976,0.4638791,2.2094364,3.7211726,0.034982927,1.5063272,0
641,65,27,2.7855558,3.1906981,0.57072145,1.0553938,3.3027813,0.065933056,2.1228673,0
642,66,27,0.8099024,4.34315,0.21368471,0.29575738,3.1063015,0.0515959,1.9130824,0
643,67,27,0.013201718,4.4141555,0.11427254,0,3.713234,0.04490042,0.7834955,0
644,68,27,0,4.533496,0.47873947,0,3.611291,0.047825716,1.353119,0
645,69,27,0,3.3866599,1.3070855,0,3.1079836,0.05537744,1.5303842,0
646,70,27,0,1.6419121,2.0666475,0,2.5812032,0.05504516,1.072311,0
647,71,27,0,0.4165511,2.3623304,0,2.1895103,0.10779297,0.4815784,0
648,72,27,0,0,2.1941345,0,1.9686288,0.13163213,0.093873486,0
649,73,28,0,2.3218503,0,0,1.9416316,0.3503707,0.029848024,0
650,74,28,0,2.1456997,0,0,1.7536947,0.36215717,0.029848024,0
651,75,28,0,2.070961,0,0,1.6717979,0.3693151,0.029848024,0
652,76,28,0,2.1103551,0,0,1.7084235,0.3720836,0.029848024,0
653,77,28,0,2.1216567,0,0,1.7249608,0.36684772,0.029848024,0
654,78,28,0,2.4866314,0,0,2.1115506,0.34523278,0.029848024,0
655,79,28,0.009689852,3.7226489,0,0,2.5900705,0.3184036,0.8238645,0
656,80,28,1.1982872,4.1505466,0,0,3.1052084,0.28994405,1.9536813,0
657,81,28,3.3731322,3.9062169,0,0,3.577758,0.3231767,3.3784144,0
658,82,28,5.44304,3.1549072,0,0.1436864,3.9845471,0.31206456,4.157649,0
659,83,28,7.5034122,1.6459645,0,0.7512519,4.2720504,0.3336736,3.7924008,0
660,84,28,9.981806,0,0,1.478933,4.9817753,0.19910525,3.321992,0
661,85,28,10.895673,0,0,1.742735,4.8241405,1.1899612,3.138836,0
662,86,28,10.326992,0,0,1.542658,4.327377,1.2316294,3.225328,0
663,87,28,7.265692,1.2049702,0,0.87870175,4.07269,0.11643647,3.4028342,0
664,88,28,5.811685,1.5825082,0,0.20741133,3.7123492,0.21705714,3.2573755,0
665,89,28,3.9506416,2.5832064,0,0,3.3631458,0.07399513,3.0967073,0
666,90,28,0.58334166,2.8559804,0,0,3.090872,0.06464802,0.28380197,0
667,91,28,0,4.4355397,0.23240699,0,3.7503498,0.06715775,0.8504392,0
668,92,28,0,4.2964654,0.92869306,0,3.698989,0.08918681,1.4369828,0
669,93,28,0,3.497214,1.3923384,0,3.1613579,0.10868072,1.6195139,0
670,94,28,0,2.5236814,1.3921047,0,2.6349995,0.13295299,1.1478336,0
671,95,28,0,1.9813741,0.9279919,0,2.2287083,0.14110388,0.53955394,0
672,96,28,0,2.3146148,0,0,2.0000932,0.17418937,0.1403321,0
673,1,29,0,2.2572854,0,0,1.9416316,0.28580582,0.029848024,0
674,2,29,0,2.3799007,0,0,1.7536947,0.2904852,0.33572078,0
675,3,29,0,3.1045043,0,0,1.6717979,0.29611796,1.1365883,0
676,4,29,0,2.290697,0,0,1.7084235,0.2988074,0.28346628,0
677,5,29,0,3.343428,0,0,1.7249608,0.27686325,1.3416039,0
678,6,29,0,4.1658134,0,0,2.1115506,0.27067852,1.7835844,0
679,7,29,9.16E-04,4.4831743,0,0,2.5894563,0.26052508,1.6341087,0
680,8,29,0.10479062,4.3168197,0,0,3.0286636,0.27077103,1.1221757,0
681,9,29,0.25747177,5.0251436,0,0,3.3596618,0.28174344,1.6412102,0
682,10,29,1.0610951,4.199865,0,0,3.677811,0.23361081,1.3495383,0
683,11,29,3.4509444,4.520763,0,0.17851312,3.9883778,0.21478601,3.5900304,0
684,12,29,6.459517,2.487313,0,0.8209053,4.735215,0.15700601,3.2337036,0
685,13,29,10.510388,0,0,1.5394853,4.7971706,1.1141622,3.0595708,0
686,14,29,10.561314,0,0,1.7941862,4.3437796,1.2815464,3.1418016,0
687,15,29,9.521028,0,0,1.585008,4.2305636,0.39489245,3.3105633,0
688,16,29,5.8331203,2.2097886,0,0.91195065,3.7138498,0.24483797,3.1722708,0
689,17,29,0.9936494,3.7837443,0,0.22403578,3.1561563,0.11204865,1.2851532,0
690,18,29,0.022346837,4.4551873,0,0,3.0516024,0.07062018,1.3553113,0
691,19,29,0,4.558869,0,0,3.7503498,0.07240167,0.7361174,0
692,20,29,0,4.811274,0.27792117,0,3.698989,0.09644018,1.2937658,0
693,21,29,0,3.747759,1.0197215,0,3.1613579,0.13881807,1.4673045,0
694,22,29,0,2.5170696,1.2976427,0,2.6349995,0.16085157,1.0188612,0
695,23,29,0,1.7263697,1.1116847,0,2.2287083,0.16879876,0.4405474,0
696,24,29,0,0.8841479,1.3896059,0,2.0000932,0.21266747,0.060993116,0
697,25,30,0,2.2655618,0,0,1.9416316,0.29408222,0.029848024,0
698,26,30,0,2.0759597,0,0,1.7536947,0.29241687,0.029848024,0
699,27,30,0,2.011037,0,0,1.6717979,0.30939126,0.029848024,0
700,28,30,0,2.06562,0,0,1.7084235,0.32734844,0.029848024,0
701,29,30,0,2.628644,0,0,1.7249608,0.33614913,0.567534,0
702,30,30,0,3.9016979,0,0,2.1115506,0.391662,1.3984854,0
703,31,30,0,4.286194,0,0,2.5893922,0.3795175,1.3172839,0
704,32,30,3.4113455,3.3314667,0,0,3.2601223,0.57375443,2.9089353,0
705,33,30,5.0173445,3.1985304,0,0,3.692853,0.5907934,3.9322288,0
706,34,30,1.7284669,4.049149,0,0,3.724527,0.3033514,1.7497376,0
707,35,30,3.5201464,3.645609,0,0,3.9932218,0.3416314,2.830902,0
708,36,30,6.8568716,2.1261516,0,0,4.76303,0.8940011,3.325992,0
709,37,30,5.280533,2.4942846,0,0,4.431081,0.20130941,3.1424274,0
710,38,30,3.8323088,2.41651,0,0,3.872749,0.15114132,2.2249286,0
711,39,30,7.352497,0.45811734,0,0,4.0787663,0.32483318,3.407015,0
712,40,30,7.567517,0.20037223,0,0,3.8352575,0.67140007,3.2612317,0
713,41,30,3.5606902,2.610469,0,0,3.335849,0.16845676,2.6668537,0
714,42,30,0.19975878,4.2211795,0,0,3.064021,0.14326084,1.2136558,0
715,43,30,0,4.7922587,0,0,3.7503498,0.18628979,0.85561913,0
716,44,30,0,5.4125714,0,0,3.698989,0.27011093,1.4434716,0
717,45,30,0,4.9947276,0,0,3.1613579,0.20695913,1.6264105,0
718,46,30,0,4.0387435,0,0,2.6349995,0.2500668,1.1536771,0
719,47,30,0,2.9688907,0,0,2.2287083,0.19614258,0.5440398,0
720,48,30,0,2.3664806,0,0,2.0000932,0.22246051,0.1439269,0
721,49,31,0,2.2977986,0,0,1.9535942,0.31435624,0.029848024,0
722,50,31,0,2.1295555,0,0,1.7603698,0.33933768,0.029848024,0
723,51,31,0,2.0675151,0,0,1.6771971,0.36046988,0.029848024,0
724,52,31,0,2.1287963,0,0,1.7133161,0.3856323,0.029848024,0
725,53,31,0,2.1701014,0,0,1.7300922,0.4101612,0.029848024,0
726,54,31,0,3.4600873,0,0,2.1286018,0.38904905,0.9424364,0
727,55,31,0,4.2040687,0,0,2.6134512,0.35806793,1.2325495,0
728,56,31,1.2069691,3.75657,0,0,3.165717,0.33273774,1.4650846,0
729,57,31,4.7342396,2.888778,0,0,3.7150004,0.33372355,3.5742939,0
730,58,31,7.24493,1.4066247,0,0.2736371,4.1360865,0.42090255,3.8209286,0
731,59,31,9.519682,0,0,1.0111533,4.417211,0.5061896,3.5851276,0
732,60,31,10.463494,0,0,1.5701534,4.9987597,0.6205719,3.2740092,0
733,61,31,10.547922,0,0,1.6652744,4.8560266,0.801795,3.2248263,0
734,62,31,10.096856,0,0,1.2965163,4.3763,1.112897,3.311143,0
735,63,31,8.20891,0,0,0.4638791,4.207101,0.13101594,3.406914,0
736,64,31,5.3212705,1.7578852,0,0,3.7599585,0.058814384,3.2603831,0
737,65,31,1.5833231,3.5731742,0,0,3.306223,0.0820452,1.7682292,0
738,66,31,0.015064281,4.2399864,0,0,3.1771235,0.09239164,0.9855353,0
739,67,31,0,5.219331,0,0,3.8852623,0.08266129,1.251407,0
740,68,31,0,5.188875,0.4638791,0,3.812139,0.13085046,1.7097647,0
741,69,31,0,4.6379533,0.48076943,0,3.216134,0.20554222,1.6970462,0
742,70,31,0,3.0194964,0.96153885,0,2.6642058,0.23543698,1.0813925,0
743,71,31,0,1.6456658,1.3523246,0,2.2552328,0.26229817,0.4804595,0
744,72,31,0,1.1494287,1.2792313,0,2.0271327,0.27415434,0.12737295,0
745,73,32,0,2.332061,0,0,1.9535942,0.34861887,0.029848024,0
746,74,32,0,2.7623558,0,0,1.7603698,0.35679102,0.64519495,0
747,75,32,0,2.5946615,0,0,1.6771971,0.36003745,0.5574269,0
748,76,32,0,3.0447705,0,0,1.7133161,0.373859,0.9575956,0
749,77,32,0,3.9837697,0,0,1.7300922,0.38194194,1.8717355,0
750,78,32,0,4.392946,0,0,2.1286018,0.50669,1.7576536,0
751,79,32,0,4.1919136,0,0,2.6134512,0.6023749,0.9760877,0
752,80,32,0.6124128,4.9786644,0,0,3.1240978,0.596946,1.8700333,0
753,81,32,1.0097127,5.1786375,0,0,3.4542835,0.603626,2.130441,0
754,82,32,2.045549,3.8000684,0,0,3.7721298,0.5184963,1.5549912,0
755,83,32,2.3795724,3.8846867,0,0,3.9174037,0.42309427,1.9237612,0
756,84,32,3.3272364,3.9462848,0,0,4.4992213,0.3587861,2.4155135,0
757,85,32,5.2990475,2.9686594,0,0,4.4886055,0.4769364,3.302165,0
758,86,32,5.735626,2.6660326,0,0,4.071014,0.944862,3.3857832,0
759,87,32,3.3375385,3.9975193,0,0,3.866105,0.595114,2.873839,0
760,88,32,0.7966825,3.9283063,0,0,3.4432373,0.49134645,0.7904051,0
761,89,32,0.10080099,5.363092,0,0,3.2024462,0.40889668,1.85255,0
762,90,32,0,5.376428,0,0,3.176069,0.39456925,1.8057897,0
763,91,32,0,6.8311815,0,0,3.8852623,0.44516194,2.5007575,0
764,92,32,0,5.894957,0,0,3.812139,0.353352,1.7294661,0
765,93,32,0,5.548711,0,0,3.216134,0.39070708,1.9418695,0
766,94,32,0,4.698771,0,0,2.6642058,0.6013231,1.4332421,0
767,95,32,0,4.469757,0,0,2.2552328,0.40816674,1.8063574,0
768,96,32,0,5.798463,0,0,2.0271327,0.43833047,3.3329997,0
769,1,33,0,5.170481,0,0,1.9535942,0.5722363,2.6446507,0
770,2,33,0,2.3725905,0,0,1.7603698,0.5823728,0.029848024,0
771,3,33,0,2.3106542,0,0,1.6771971,0.603609,0.029848024,0
772,4,33,0,3.823247,0,0,1.7133161,0.61607003,1.493861,0
773,5,33,0,4.209752,0,0,1.7300922,0.61418486,1.8654753,0
774,6,33,0,4.237805,0,0,2.1286018,1.0441889,1.0650142,0
775,7,33,0,4.1064525,0,0,2.6134512,0.84350896,0.64949226,0
776,8,33,0.23914488,4.563373,0,0,3.097969,0.84589756,0.8586513,0
777,9,33,3.485468,3.8372757,0,0,3.6275864,0.74749315,2.9476643,0
778,10,33,4.673748,3.7362235,0,0,3.9561036,0.7101521,3.743716,0
779,11,33,5.4968495,3.3317022,0,0,4.135613,0.7595218,3.9334173,0
780,12,33,5.9139366,2.9268544,0,0,4.6802907,0.7018874,3.4586132,0
781,13,33,4.373051,3.7776139,0,0,4.4237857,0.5566037,3.170276,0
782,14,33,2.8621027,4.6724553,0,0,3.8698673,0.8219467,2.842744,0
783,15,33,1.3213745,4.16449,0,0,3.7249734,0.6482734,1.1126176,0
784,16,33,0.83807045,3.8669446,0,0,3.4461346,0.51881856,0.74006206,0
785,17,33,0.26087037,5.1014333,0,0,3.2136512,0.53969866,1.6089537,0
786,18,33,0,4.9140334,0,0,3.176069,0.5534491,1.1845151,0
787,19,33,0,5.6544366,0,0,3.8852623,0.73399645,1.0351778,0
788,20,33,0,6.9916077,0,0,3.812139,0.66052586,2.518943,0
789,21,33,0,6.4558134,0,0,3.216134,0.5850343,2.6546452,0
790,22,33,0,5.345616,0,0,2.6642058,0.6467668,2.0346432,0
791,23,33,0,3.5720782,0,0,2.2552328,0.5765513,0.7402942,0
792,24,33,0,2.9403312,0,0,2.0271327,0.6132161,0.2999825,0
793,25,34,0,5.5210605,0,0,1.9999101,0.8857926,2.6353579,0
794,26,34,0,3.133582,0,0,1.8467759,0.9080093,0.378797,0
795,27,34,0,2.693484,0,0,1.722712,0.94092405,0.029848024,0
796,28,34,0,3.2408566,0,0,1.7011305,0.9655421,0.574184,0
797,29,34,0,3.5868552,0,0,1.711812,1.0033485,0.87169474,0
798,30,34,0,4.216903,0,0,2.0611238,1.2294898,0.92628956,0
799,31,34,0,4.0621934,0,0,2.5489805,1.1591529,0.35406023,0
800,32,34,0.019686397,5.44225,0,0,3.003928,1.2427535,1.2152547,0
801,33,34,0.81053615,5.3207374,0,0,3.2485175,1.0293823,1.8533735,0
802,34,34,2.109225,5.285129,0,0,3.5088308,1.2234073,2.6621158,0
803,35,34,4.726976,3.7939787,0,0,3.8475182,0.96156114,3.7118752,0
804,36,34,5.9848933,3.312835,0,0,4.6808248,1.174368,3.4425352,0
805,37,34,5.3750954,3.2708957,0,0,4.4054594,0.9853225,3.2552092,0
806,38,34,4.236851,3.731385,0,0,3.77303,0.8585943,3.336612,0
807,39,34,2.5841475,3.8885279,0,0,3.4870615,0.8972075,2.0884063,0
808,40,34,1.6385041,3.8370397,0,0,3.3228962,1.0369709,1.1156768,0
809,41,34,0.65695846,5.4336724,0,0,3.3583257,0.87049454,1.8618106,0
810,42,34,0,5.488383,0,0,3.4736845,0.93574387,1.0789546,0
811,43,34,0,5.9991965,0,0,3.9693532,1.0155495,1.0142937,0
812,44,34,0,6.240914,0,0,3.7261379,0.8700806,1.6446953,0
813,45,34,0,5.8117466,0,0,3.0261426,0.8974061,1.8881979,0
814,46,34,0,4.847236,0,0,2.4838848,1.0070319,1.3563195,0
815,47,34,0,4.8979325,0,0,2.2243152,0.940967,1.7326502,0
816,48,34,0,6.4809246,0,0,2.2062824,0.98941547,3.2852268,0
817,49,35,0,3.5389826,0,0,1.9999101,0.83729935,0.7017731,0
818,50,35,0,3.7437916,0,0,1.8467759,0.8488804,1.0481352,0
819,51,35,0,2.6103585,0,0,1.722712,0.8577984,0.029848024,0
820,52,35,0,3.4649787,0,0,1.7011305,0.8632108,0.90063757,0
821,53,35,0,3.7284887,0,0,1.711812,0.88292456,1.1337521,0
822,54,35,0,4.2631807,0,0,2.0611238,1.2523232,0.9497336,0
823,55,35,0,5.5876875,0,0,2.5489805,0.9922009,2.046506,0
824,56,35,0,5.8596306,0,0,3.00255,1.2958525,1.5612282,0
825,57,35,0.45472288,4.933769,0,0,3.2236106,1.074218,1.0906636,0
826,58,35,2.9356546,3.858546,0,0,3.566681,0.74907696,2.478443,0
827,59,35,5.264836,3.7489645,0,0,3.8851686,1.1028159,4.025816,0
828,60,35,3.1090333,4.9948077,0,0,4.4795146,0.7428411,2.8814855,0
829,61,35,2.077164,4.5373425,0,0,4.1746044,0.6270763,1.8128258,0
830,62,35,2.612896,4.0071564,0,0,3.6593533,0.8067028,2.1539965,0
831,63,35,2.7639456,5.0577154,0,0,3.4996474,0.694626,3.6273878,0
832,64,35,1.3778569,4.4548044,0,0,3.304651,0.9298162,1.5981941,0
833,65,35,0.4263625,5.075287,0,0,3.342184,0.78889173,1.3705736,0
834,66,35,0,7.0255837,0,0,3.4736845,0.6896022,2.862297,0
835,67,35,0,6.3250337,0,0,3.9693532,0.8595419,1.4961385,0
836,68,35,0,6.286761,0,0,3.7261379,0.6767845,1.8838385,0
837,69,35,0,5.7519155,0,0,3.0261426,0.696908,2.028865,0
838,70,35,0,4.700099,0,0,2.4838848,0.7142707,1.5019435,0
839,71,35,0,4.7558804,0,0,2.2243152,0.77297115,1.7585939,0
840,72,35,0,6.365283,0,0,2.2062824,0.78574103,3.37326,0
841,73,36,0,5.6355987,0,0,1.9999101,1.1775553,2.4581332,0
842,74,36,0,4.2683883,0,0,1.8467759,1.1768132,1.2447989,0
843,75,36,0,3.381824,0,0,1.722712,1.1769836,0.48212844,0
844,76,36,0,3.8700426,0,0,1.7011305,1.17752,0.99139214,0
845,77,36,0,3.771143,0,0,1.711812,1.1764363,0.8828947,0
846,78,36,0,3.8257647,0,0,2.0611238,1.2038299,0.56081074,0
847,79,36,0,4.4938774,0,0,2.5489805,1.2173575,0.72753924,0
848,80,36,0,6.235025,0,0,3.00255,1.2064471,2.026028,0
849,81,36,0.55829006,6.6097016,0,0,3.2308605,1.1733761,2.7637553,0
850,82,36,2.610398,5.4073095,0,0,3.543913,1.1757538,3.2980409,0
851,83,36,3.1078033,4.160487,0,0,3.7341762,1.2119366,2.322178,0
852,84,36,1.3754236,4.607309,0,0,4.358162,1.199006,0.425564,0
853,85,36,0.8312923,6.363714,0,0,4.0873933,1.2123511,1.895262,0
854,86,36,1.0512986,6.7430816,0,0,3.5500414,1.2091448,3.0351942,0
855,87,36,1.4050041,5.582067,0,0,3.4045215,1.2269042,2.3556457,0
856,88,36,1.0164207,5.893482,0,0,3.2793503,1.2343204,2.3962321,0
857,89,36,0.26110843,6.3273015,0,0,3.3306162,1.2213372,2.0364568,0
858,90,36,0,7.788802,0,0,3.4736845,1.2310553,3.0840623,0
859,91,36,0,6.665525,0,0,3.9693532,1.259114,1.4370574,0
860,92,36,0,6.609795,0,0,3.7261379,1.2454914,1.638166,0
861,93,36,0,6.114314,0,0,3.0261426,1.2355483,1.8526231,0
862,94,36,0,6.379976,0,0,2.4838848,1.2301404,2.6659505,0
863,95,36,0,4.7011476,0,0,2.2243152,1.2172896,1.259543,0
864,96,36,0,3.6852129,0,0,2.2062824,1.1985217,0.28040892,0