Counter,Hour of day,Day of year,Photovoltaics-wind,Run-of-river-hydro-power,Regulated-hydro-power,Thermal-power,Imports,Storage-output,Storage-input,Base-demand,Heat-pumps-electrical-heaters,Electro-mobility,Exports
1,1,1,0,1.6861691,8.08,0.26117364,0,0,0,3.7967103,2.0806808,1.1139624,3
2,2,1,0,1.6861691,5.128953,0.26117364,0,0,0,3.4118652,2.107987,0.5204544,1
3,3,1,0,1.6861691,3.793906,0.26117364,0,0,0,3.195197,2.1301327,0.37992948,0
4,4,1,0,1.6861691,2.7998066,0.26117364,1,0,0,3.170891,2.1603394,0.37992948,0
5,5,1,0,1.6861691,0.9959033,0.26117364,3,0,0,3.207887,2.1825237,0.51684606,0
6,6,1,0,1.6861691,0.808,0.26117364,4.5,0,0,3.8911424,2.535091,0.79311985,0
7,7,1,0,1.6861691,1.5086336,0.26117364,5,0,0,4.657909,2.3363004,1.4257772,0
8,8,1,0,1.6861691,3.8252673,0.26117364,5,0,0,5.459421,2.5019941,2.7752056,0
9,9,1,0.609558,1.6861691,4.68695,0.26117364,5,0,0,5.819086,2.7326407,3.6561346,0
10,10,1,1.0874425,1.6861691,3.9326336,0.26117364,5,0,0,6.0671906,2.775927,3.0883124,0
11,11,1,2.658749,1.6861691,1.5623168,0.26117364,5,0,0,6.2081842,2.4037914,2.5204432,0
12,12,1,3.7118275,1.6861691,0.808,0.26117364,5,0,0,6.876984,2.1377,2.416497,0
13,13,1,4.1382704,1.6861691,0.808,0.26117364,5,0,0,6.7437687,1.9548553,3.1589994,0
14,14,1,4.118923,1.6861691,0.808,0.26117364,5,0,0,6.141859,2.2486315,3.4477856,0
15,15,1,2.4464772,1.6861691,1.4048623,0.26117364,5,0,0,5.8551064,2.2612252,2.6463618,0
16,16,1,0.9616867,1.6861691,3.6177247,0.26117364,5,0,0,5.8214602,1.969854,3.6994507,0
17,17,1,0.25522843,1.6861691,4.2145867,0.26117364,5,0,0,5.8246465,2.0643682,3.4921544,0
18,18,1,0,1.6861691,4.7598352,0.26117364,4.5,0,0,5.843566,2.2122798,3.1153433,0
19,19,1,0,1.6861691,6.9210835,0.26117364,3,0,0,6.408116,2.1398358,3.2844856,0
20,20,1,0,1.6861691,7.466332,0.26117364,1,0,0,6.09738,2.3595095,1.9207959,0
21,21,1,0,1.6861691,7.844341,0.26117364,0,0,0,5.231277,2.4017558,2.1226609,0
22,22,1,0,1.6861691,7.272708,0.26117364,0,0,0,4.446232,2.3814602,1.6392696,0.71709955
23,23,1,0,1.6861691,7.9756064,0.26117364,0,0,0,4.171263,2.261611,1.0198867,2.434199
24,24,1,0,1.6861691,8.08,0.26117364,0,0,0,4.0509257,2.1955128,0.5936161,3.1512985
25,25,2,0,1.6861691,6.195339,0.26117364,0,0,0,3.664784,2.4655962,1.9763122,0
26,26,2,0,1.6861691,4.2605987,0.26117364,0,0,0,3.3510804,2.4409423,0.37992948,0
27,27,2,0,1.6861691,3.9418585,0.26117364,0.2,0,0,3.219554,2.4537287,0.37992948,0
28,28,2,0,1.6861691,2.7259886,0.26117364,1.4,0,0,3.1937237,2.4636889,0.37992948,0
29,29,2,0,1.6861691,1.553239,0.26117364,3.6,0,0,3.2889004,2.463059,1.3126328,0
30,30,2,0,1.6861691,1.9964893,0.26117364,4.8,0,0,3.9953365,2.539463,2.173043,0
31,31,2,0,1.6861691,1.734446,0.26117364,5,0,0,4.673716,2.5776534,1.3944299,0
32,32,2,0,1.6861691,3.0884027,0.26117364,5,0,0,5.4078407,2.5988474,1.9930685,0
33,33,2,0.030445963,1.6861691,2.8263595,0.26117364,5,0,0,5.648307,2.5304399,1.5894117,0
34,34,2,0.4685705,1.6861691,4.180316,0.26117364,5,0,0,6.0412073,2.5966892,2.922344,0
35,35,2,1.5098495,1.6861691,4.1522527,0.26117364,5,0,0,6.3090568,2.5339518,3.730447,0
36,36,2,2.380479,1.6861691,2.5081897,0.26117364,5,0,0,6.902803,2.4508939,2.4463253,0
37,37,2,2.8620074,1.6861691,2.4801264,0.26117364,5,0,0,6.7714796,2.473446,3.0085618,0
38,38,2,4.9558454,1.6861691,0.8360632,0.26117364,4,0,0,6.1324077,2.46138,3.1094735,0
39,39,2,7.6166773,1.6861691,0.808,0.26117364,3.25,0,0.175,6.05274,2.743775,3.9328592,0.6816569
40,40,2,5.904042,1.6861691,1.1814104,0.26117364,3.5,0,0,5.8918834,2.4427557,3.7988534,0.36331373
41,41,2,1.903061,1.6861691,3.170821,0.26117364,4.75,0,0,5.849431,2.2598047,3.6259997,0
42,42,2,0,1.6861691,3.5442314,0.26117364,5,0,0,5.7934737,2.3554554,2.306656,0
43,43,2,0,1.6861691,4.062516,0.26117364,4.25,0,0,6.295516,2.3575263,1.5708272,0
44,44,2,0,1.6861691,6.196801,0.26117364,2.5,0,0,6.113513,2.4077191,2.0869226,0
45,45,2,0,1.6861691,7.272,0.26117364,0.75,0,0,5.243713,2.3898244,2.2998157,0
46,46,2,0,1.6861691,8.08,0.26117364,0,0,0,4.5027423,2.1755843,3.3130262,0
47,47,2,0,1.6861691,7.272,0.26117364,0,0,0,4.122011,2.5334258,1.5279169,1
48,48,2,0,1.6861691,8.08,0.26117364,0,0.14175,0,4.0509257,2.3949404,0.687237,3
49,49,3,0,1.6861691,4.0622473,0.26117364,0,0,0,3.5154674,2.0782037,0.37992948,0
50,50,3,0,1.6861691,3.885496,0.26117364,0,0,0,3.3248234,2.0920963,0.37992948,0
51,51,3,0,1.6861691,3.5659847,0.26117364,0.2,0,0,3.1932425,2.104166,0.37992948,0
52,52,3,0,1.6861691,3.4053226,0.26117364,1.4,0,0,3.2412772,2.1225944,1.3528044,0
53,53,3,0,1.6861691,1.6286603,0.26117364,3.6,0,0,3.29418,2.1326838,1.71315,0
54,54,3,0,1.6861691,1.4679981,0.26117364,4.8,0,0,3.9583423,2.062624,2.1583848,0
55,55,3,0,1.6861691,0.808,0.26117364,5,0,0,4.608865,2.3486347,0.7618538,0
56,56,3,0,1.6861691,1.7640018,0.26117364,5,0,0,5.3151326,2.5404706,0.81975216,0
57,57,3,0.36310336,1.6861691,2.6015618,0.26117364,5,0,0,5.655857,2.2921033,1.9280579,0
58,58,3,1.2492381,1.6861691,1.8231217,0.26117364,5,0,0,5.9308505,2.4747767,1.5780864,0
59,59,3,2.042319,1.6861691,0.808,0.26117364,5,0,0,6.1122317,2.0748477,1.5745924,0
60,60,3,3.3164947,1.6861691,0.808,0.26117364,5,0,0,6.849311,2.053286,2.1332514,0
61,61,3,4.781062,1.6861691,0.808,0.26117364,5,0,0,6.788764,2.1441545,3.5674968,0
62,62,3,4.356826,1.6861691,0.808,0.26117364,4.9809628,0,0,6.1571794,2.2528458,3.6471164,0
63,63,3,5.6230803,1.6861691,0.808,0.26117364,3.9857218,0,0,5.964689,2.5332718,3.8301954,0
64,64,3,5.2389636,1.6861691,0.808,0.26117364,3.9904814,0,0,5.853523,2.3418016,3.702891,0.05058316
65,65,3,1.229896,1.6861691,2.424,0.26117364,4.9952407,0,0,5.767199,1.9515327,2.8417587,0
66,66,3,0.009738519,1.6861691,3.13114,0.26117364,5,0,0,5.7652392,1.9103657,2.3766274,0
67,67,3,0,1.6861691,5.45428,0.26117364,4.0047593,0,0,6.3757725,2.0523005,2.9423196,0
68,68,3,0,1.6861691,6.16142,0.26117364,2.0095186,0,0,6.0767026,2.079043,1.9265463,0
69,69,3,0,1.6861691,7.0535817,0.26117364,0.5047594,0,0,5.211257,2.1296444,2.1287925,0
70,70,3,0,1.6861691,7.5379357,0.26117364,0,0,0,4.464798,2.2131677,2.771323,0
71,71,3,0,1.6861691,6.406289,0.26117364,0,0,0,4.0614114,2.113246,2.1429856,0
72,72,3,0,1.6861691,6.8906426,0.26117364,0,0,0,3.9676707,2.0678897,2.7664359,0
73,73,4,0,1.404101,6.3947124,0.26117364,0,0,0,3.639237,2.351974,2.0327868,0
74,74,4,0,1.404101,4.4518027,0.26117364,0,0,0,3.3299668,2.3711915,0.37992948,0
75,75,4,0,1.404101,4.124892,0.26117364,0.7992545,0,0,3.2396991,2.390338,0.92339444,0
76,76,4,0,1.404101,3.7993813,0.26117364,2.5985088,0,0,3.3162348,2.4044452,2.3064952,0
77,77,4,0,1.404101,1.8578702,0.26117364,4.2992544,0,0,3.3202012,2.4519777,2.0142307,0
78,78,4,0,1.404101,1.5323591,0.26117364,5,0,0,3.9326463,2.650392,1.5786061,0
79,79,4,0,1.404101,2.822848,0.26117364,5,0,0,4.6789007,2.6910143,2.082218,0
80,80,4,0.07413011,1.404101,3.2032986,0.26117364,5,0,0,5.330755,2.6733327,1.9026256,0
81,81,4,1.3646742,1.404101,1.9677491,0.26117364,5,0,0,5.592075,2.604333,1.7653003,0
82,82,4,1.8985009,1.404101,2.3481998,0.26117364,5,0,0,5.92737,2.6276197,2.3209956,0
83,83,4,2.383643,1.404101,1.1126503,0.26117364,5,0,0,6.0762053,2.7210426,1.3283304,0
84,84,4,2.9316647,1.404101,1.4931009,0.26117364,5,0,0,6.7615294,2.4575553,1.8349657,0
85,85,4,3.4364939,1.404101,0.808,0.26117364,5,0,0,6.626234,2.3135586,1.9339862,0
86,86,4,4.966393,1.404101,0.808,0.26117364,4.3352513,0,0,6.0842037,2.1888423,3.4658833,0
87,87,4,7.606228,1.404101,0.808,0.26117364,3.5014384,0,0.19964403,6.009709,2.9074597,3.9281383,0.5
88,88,4,5.8308244,1.404101,0.808,0.26117364,3.6676257,0,0.049288057,5.81167,2.2803364,3.7944407,0
89,89,4,2.2436304,1.404101,1.9781237,0.26117364,4.8338127,0,0,5.727292,2.0918207,2.8657386,0
90,90,4,0.510716,1.404101,4.7642474,0.26117364,5,0,0,5.846999,2.2331548,3.824094,0
91,91,4,0,1.404101,6.0660787,0.26117364,4.5,0,0,6.3844705,2.7199626,3.0909302,0
92,92,4,0,1.404101,5.7519097,0.26117364,3,0.026634991,0,6.047845,2.1485229,2.211462,0
93,93,4,0,1.404101,7.053741,0.26117364,1,0,0,5.1865106,2.204565,2.291951,0
94,94,4,0,1.404101,7.1157,0.26117364,0,0,0,4.38287,2.205842,2.1562726,0
95,95,4,0,1.404101,5.561659,0.26117364,0,0.175,0,3.955054,2.2792845,1.1316051,0
96,96,4,0,1.404101,5.1956515,0.26117364,0,0,0,3.8061795,2.3356757,0.68308115,0
97,1,5,0,1.404101,7.1677938,0.26117364,0,0.042,0,3.6933525,2.1509943,2.9947321,0
98,2,5,0,1.404101,5.7471867,0.26117364,0.2,0,0,3.4346437,2.1664066,1.9754214,0
99,3,5,0,1.404101,2.7105796,0.26117364,1.4,0,0,3.1827495,2.1771855,0.37992948,0
100,4,5,0,1.404101,1.2899724,0.26117364,3.6,0,0,3.2106807,2.2062879,1.1022888,0
101,5,5,0,1.404101,1.208017,0.26117364,4.8,0,0,3.3097637,2.227531,2.1000075,0
102,6,5,0,1.404101,0.808,0.26117364,5,0,0,3.881941,2.2968602,1.2584839,0
103,7,5,0,1.404101,2.023983,0.26117364,5,0.175,0,4.62298,2.4028344,1.8024533,0
104,8,5,0.123581104,1.404101,1.6239661,0.26117364,5,0,0,5.223664,2.722354,0.4308146,0
105,9,5,0.3392387,1.404101,2.8399491,0.26117364,5,0,0,5.581348,2.38023,1.8468945,0
106,10,5,0.78395134,1.404101,2.439932,0.26117364,5,0,0,5.855773,2.3356934,1.6617019,0
107,11,5,1.5340762,1.404101,1.333357,0.26117364,5,0,0,6.032185,2.181035,1.2834985,0
108,12,5,5.6858587,1.404101,0.808,0.26117364,4.7008824,0,0,6.885428,2.1960115,3.7425866,0
109,13,5,8.24504,1.404101,0.808,0.26117364,3.4017646,0,0.35,6.850956,2.763339,3.6197941,0.5
110,14,5,7.351734,1.404101,0.808,0.26117364,3.1026468,0,0.35,6.164895,2.67489,3.7018812,0
111,15,5,6.0516725,1.404101,0.808,0.26117364,3.8035293,0,0,5.922036,2.479816,3.890634,0
112,16,5,4.995196,1.404101,0.808,0.26117364,4.7249928,0,0,5.8271914,2.5708976,3.7593844,0
113,17,5,3.3822207,1.404101,0.808,0.26117364,5,0,0,5.7367177,2.15984,2.9229476,0
114,18,5,0.2384715,1.404101,2.0637405,0.26117364,5,0,0,5.638907,2.504095,0.7884951,0
115,19,5,0,1.404101,3.2181988,0.26117364,4.8,0,0,6.206119,2.0561051,1.3852594,0
116,20,5,0,1.404101,4.887293,0.26117364,3.6,0,0,6.0293217,2.066296,2.02096,0
117,21,5,0,1.404101,6.8532057,0.26117364,1.4,0,0,5.200473,2.4525437,2.2294743,0
118,22,5,0,1.404101,7.203119,0.26117364,0.2,0,0,4.4029894,2.0967655,2.5326488,0
119,23,5,0,1.404101,6.9907484,0.26117364,0,0,0,4.0550904,2.1048627,2.4600804,0
120,24,5,0,1.404101,5.1623783,0.26117364,0,0.35,0,3.8038504,2.1631246,1.1746885,0
121,25,6,0,1.404101,6.4769974,0.26117364,0,0.1564815,0,3.6449966,2.1710923,2.4466748,0
122,26,6,0,1.404101,5.125998,0.26117364,0.5,0,0,3.4121604,2.1907716,1.6523511,0
123,27,6,0,1.404101,2.1589992,0.26117364,2,0,0,3.1861389,2.2222157,0.37992948,0
124,28,6,0,1.404101,0.808,0.26117364,4,0,0,3.2049427,2.2547655,0.9775766,0
125,29,6,0,1.404101,0.808,0.26117364,5,0,0,3.2957625,2.2742782,1.8672445,0
126,30,6,0,1.404101,0.808,0.26117364,5,0,0,3.881941,2.2088814,1.3464626,0
127,31,6,0,1.404101,0.808,0.26117364,5,0,0,4.537862,2.2704844,0.62893885,0
128,32,6,0.14281179,1.404101,1.0820831,0.26117364,5,0,0,5.187078,2.2871723,0.37992948,0
129,33,6,1.3945271,1.404101,1.1642442,0.26117364,5,0,0,5.537919,2.3130145,1.3371226,0
130,34,6,3.515603,1.404101,0.808,0.26117364,4.9412,0.35356882,0.15298888,5.9286375,2.1706576,2.9953725,0
131,35,6,7.5318127,1.404101,0.808,0.26117364,3.8823996,0.24325857,1.1198568,6.33702,2.3836637,4.254216,0
132,36,6,10.59969,1.404101,0.808,0.26117364,1.8235993,0.15722826,2.200604,7.027986,2.004016,3.7851968,0
133,37,6,12.131529,1.404101,0.808,0.26117364,0.46159098,0.51292896,2.5802586,6.877412,2.4870658,3.5985975,0
134,38,6,11.955202,1.404101,1.3463346,0.26117364,0.09958258,0.5943935,2.846034,6.3146067,2.7844725,3.6796846,0
135,39,6,11.855545,1.404101,0.808,0.26117364,0.73757416,0.32585797,2.6949239,6.113691,2.68151,3.866138,0
136,40,6,9.061786,1.404101,0.808,0.26117364,2.3755658,0.02584719,2.4299343,5.947393,1.7866696,3.7364874,0
137,41,6,5.2867146,1.404101,0.808,0.26117364,4.187783,0.5155735,1.3510658,5.813177,1.6938611,3.5692513,0
138,42,6,0.9382779,1.404101,0.808,0.26117364,5,0.63524735,0.38607633,5.5999913,1.885368,1.1393744,0
139,43,6,0,1.404101,2.0252302,0.26117364,5,0.5048389,0,6.136611,1.6680049,1.3547375,0
140,44,6,0,1.404101,2.8966875,0.26117364,4.5,0.83830947,0,5.952979,1.9286094,1.9826934,0
141,45,6,0,1.404101,3.938468,0.26117364,3,0.707901,0,5.1084414,1.9785458,2.1886673,0
142,46,6,0,1.404101,4.265734,0.26117364,1,1.0413716,0,4.2533727,1.9875818,1.6954365,0
143,47,6,0,1.404101,3.4086125,0.26117364,0,1.8387214,0,3.8043408,2.008832,1.0634458,0
144,48,6,0,1.404101,1.5234711,0.26117364,0,3.09995,0,3.5491269,2.0750809,0.6284987,0
145,49,7,0,1.6701319,2.8324025,0.26117364,0,0.60342944,0,3.4016633,1.549555,0.37992948,0
146,50,7,0,1.6701319,2.424,0.26117364,0.7027805,0.1267147,0,3.199814,1.5690675,0.37992948,0
147,51,7,0,1.6701319,0.808,0.26117364,2.405561,0,0,3.1193383,1.6096092,0.37992948,0
148,52,7,0,1.6701319,0.808,0.26117364,3.1724663,0,0,3.1933758,1.7122935,0.9701126,0
149,53,7,0,1.6701319,0.808,0.26117364,4.586233,0,0,3.325379,1.7618473,2.2023227,0
150,54,7,0,1.6701319,0.808,0.26117364,5,0,0,3.9465632,1.8479875,1.9087653,0
151,55,7,0,1.6701319,0.808,0.26117364,5,0,0,4.664235,1.7170193,1.3220618,0
152,56,7,0.39297205,1.6701319,0.808,0.26117364,5,0,0,5.3982463,1.9055539,0.792488,0
153,57,7,4.2186904,1.6701319,0.808,0.26117364,5,0,0.27895314,6.002655,2.1658525,3.4745462,0
154,58,7,6.751622,1.6701319,0.808,0.26117364,4.7541013,0,0.9079063,6.508523,2.077288,4.7153225,0
155,59,7,7.645792,1.6701319,0.808,0.26117364,3.8166914,0,1.1868594,6.7174215,1.9316895,4.3298287,0
156,60,7,8.973811,1.6701319,0.808,0.26117364,2.527717,0,1.3499016,7.216847,1.7922226,3.8458729,0
157,61,7,10.0883465,1.6701319,0.808,0.26117364,2.2387426,0,1.4888299,7.0230083,2.8652349,3.6533313,0
158,62,7,7.0320473,1.6701319,0.808,0.26117364,2.949768,0,0.81387913,6.324538,1.8097135,3.7370005,0
159,63,7,3.1358278,1.6701319,0.808,0.26117364,4.474884,0,0,6.0464544,1.7854575,2.4821165,0
160,64,7,2.5144649,1.6701319,0.808,0.26117364,5,0,0,5.8731337,1.3845068,2.96014,0
161,65,7,2.408163,1.6701319,0.808,0.26117364,5,0,0,5.7326927,1.3247257,3.054061,0
162,66,7,1.0217155,1.6701319,0.808,0.26117364,5,0,0,5.5450716,1.3054706,1.8744886,0
163,67,7,0.083444946,1.6701319,1.2873327,0.26117364,5,0.5755191,0,6.075729,1.3323324,1.4335513,0
164,68,7,0,1.6701319,2.1594257,0.2814541,5,0.33715904,0,6.0639195,1.2667559,2.0815055,0
165,69,7,0,1.6701319,2.522669,0.28062606,4,0.44504005,0,5.2778554,1.3105835,2.294039,0
166,70,7,0,1.6701319,2.9620705,0.2809364,2,0.66680014,0,4.443826,1.3150231,1.7851002,0
167,71,7,0,1.6701319,3.2731054,0.26117364,0.5,0.7746812,0,3.8982348,1.4118847,1.1329834,0
168,72,7,0,1.6701319,2.5032184,0.26117364,0,1.2400801,0,3.5051987,1.4492313,0.6841844,0
169,73,8,0,1.6701319,2.4606202,0.26117364,0,1.05,0,3.3756385,1.6503681,0.37992948,0
170,74,8,0,1.6701319,1.23274,0.26117364,1.7506338,0.35,0,3.1897757,1.6589845,0.37992948,0
171,75,8,0,1.6701319,0.808,0.26117364,2.5012677,0,0,3.1260376,1.6986161,0.37992948,0
172,76,8,0,1.6701319,0.808,0.26117364,2.9240282,0,0,3.1759853,1.7711612,0.6801976,0
173,77,8,0,1.6701319,0.808,0.26117364,4.346789,0,0,3.3086178,1.8015904,1.9398963,0
174,78,8,0,1.6701319,0.808,0.26117364,5,0,0,3.9465632,1.7857624,1.9709904,0
175,79,8,0,1.6701319,0.808,0.26117364,5,0,0,4.664235,1.8797108,1.1593703,0
176,80,8,0.98482597,1.6701319,0.808,0.26117364,5,0,0,5.439676,1.7469745,1.5014915,0
177,81,8,2.1865165,1.6701319,0.808,0.26117364,5,0,0,5.860403,1.8909816,2.1384485,0
178,82,8,2.9039874,1.6701319,0.808,0.26117364,5,0,0.110255525,6.2564015,1.9233744,2.317272,0
179,83,8,4.578023,1.6701319,0.808,0.26117364,5,0,0.57051104,6.58551,1.8337141,3.2916043,0
180,84,8,7.1274424,1.6701319,0.808,0.26117364,4.880457,0,1.3807666,7.252293,2.3309674,3.7471883,0
181,85,8,8.446629,1.6701319,0.808,0.26117364,3.7609136,0,2.2447822,7.01464,2.0871243,3.5643117,0
182,86,8,9.417289,1.6701319,0.808,0.26117364,2.9098003,0,2.3980417,6.4887075,2.499874,3.643781,0
183,87,8,8.046338,1.6701319,0.808,0.26117364,2.9736466,0,2.006714,6.2851033,1.6049691,3.8265147,0
184,88,8,6.436151,1.6701319,0.808,0.26117364,3.980235,0,1.6603729,6.076268,1.6836101,3.6994507,0
185,89,8,5.7063537,1.6701319,0.808,0.26117364,3.9868233,0,0.98992044,5.8926435,1.8241711,3.5355508,0.15420747
186,90,8,2.7059827,1.6701319,0.808,0.26117364,4.9934115,0,0.31996024,5.6625094,1.4502715,2.9699688,0
187,91,8,0.096672654,1.6701319,1.0960494,0.2735683,5,0.5993253,0,6.063265,1.3311261,1.305367,0
188,92,8,0,1.6701319,1.5841539,0.26117364,5,0.9378166,0,6.0236506,1.4728397,1.9207959,0
189,93,8,0,1.6701319,1.383275,0.26117364,4.9263296,0.64080507,0,5.262941,1.4601241,2.1226609,0
190,94,8,0,1.6701319,0.808,0.26117364,3.852659,1.0503957,0,4.422727,1.5443739,1.6392696,0
191,95,8,0,1.6701319,0.808,0.26117364,1.7789885,1.8372673,0,3.8152065,1.4844786,1.0198867,0
192,96,8,0,1.6701319,0.808,0.26117364,0,2.919577,0,3.3865335,1.6427432,0.5936161,0
193,1,9,0,1.6701319,0.808,0.26117364,0.11124419,2.4995158,0,3.2677422,1.6664041,0.37992948,0
194,2,9,0,1.6701319,0.808,0.26117364,1.4774365,1.05,0,3.14092,1.7099029,0.37992948,0
195,3,9,0,1.6701319,0.808,0.26117364,2.2547588,0.35,0,3.108782,1.8193632,0.37992948,0
196,4,9,0,1.6701319,0.808,0.26117364,2.6940084,0,0,3.1598837,1.8575107,0.37992948,0
197,5,9,0,1.6701319,0.808,0.26117364,2.652332,0,0,3.1900058,1.7857124,0.37992948,0
198,6,9,0,1.6701319,0.808,0.26117364,3.4276474,0,0,3.8364985,1.9145354,0.37992948,0
199,7,9,0.8244121,1.6701319,0.808,0.26117364,4.322343,0,0.16452064,4.6745076,1.8777087,1.1333339,0
200,8,9,3.6568413,1.6701319,0.808,0.26117364,4.2170386,0,0.66713285,5.57191,1.9980661,2.3400874,0
201,9,9,7.6066895,1.6701319,0.808,0.26117364,3.1117344,0.15583698,1.0354364,6.1076365,2.0148392,4.4196653,0
202,10,9,10.7697525,1.6701319,0.808,0.26117364,1.5573364,0,1.5176189,6.566018,2.2266474,4.72012,0
203,11,9,11.32415,1.6701319,0.808,0.26117364,1.0029385,0,2.0988994,6.7779436,1.8195871,4.333974,0
204,12,9,11.609344,1.6701319,0.808,0.26117364,0.7177447,0,2.5663006,7.2746363,1.3402685,3.8491993,0
205,13,9,11.540118,1.6701319,0.808,0.26117364,0.78697044,0,2.7060015,7.0230083,1.645063,3.6563315,0
206,14,9,11.319256,1.6701319,0.808,0.26117364,1.0078334,0,2.7318232,6.4887075,2.0697308,3.7401428,0
207,15,9,10.192016,1.6701319,0.808,0.26117364,1.9302135,0,2.4687657,6.3622603,2.0616596,3.9328592,0
208,16,9,7.8748794,1.6701319,0.808,0.26117364,1.9728721,0.2562792,1.6486315,6.0364637,1.3233981,3.7988534,0
209,17,9,5.167342,1.6701319,0.808,0.26117364,3.0155308,0.0486793,0.9423762,5.7869225,1.1557328,3.0498374,0
210,18,9,1.580077,1.6701319,0.808,0.26117364,4,0,0.35,5.5141573,1.1659232,1.2533121,0
211,19,9,0.18050414,1.6701319,0.808,0.30771747,5,0.67733586,0,6.0489693,1.1208578,1.4378722,0
212,20,9,0,1.6701319,0.808,0.28720963,5,1.3890622,0,5.96932,1.0621715,2.0869226,0
213,21,9,0,1.6701319,0.808,0.3053466,4.6304803,1.2869093,0,5.2019625,1.163101,2.2998157,0
214,22,9,0,1.6701319,0.808,0.29832563,3.26096,1.3630686,0,4.3813086,1.1931725,1.7900159,0
215,23,9,0,1.6701319,0.808,0.28507993,1.13048,2.253107,0,3.7698112,1.204203,1.1367954,0
216,24,9,0,1.6701319,0.808,0.26117364,0,2.8407738,0,3.3865335,1.4703192,0.687237,0
217,25,10,0,1.9773393,1.3852273,0.26117364,0,3.6787417,0,3.2255468,1.4948636,0.41151923,2.1345625
218,26,10,0,1.9773393,1.1998804,0.26117364,0,2.1,0,3.0087907,1.5464023,0.37992948,0.56728125
219,27,10,0,1.9773393,1.442701,0.26117364,0,1.2707742,0,2.9449892,1.5910798,0.37992948,0
220,28,10,0,1.9773393,1.5131006,0.26117364,1,0.35,0,3.0440829,1.6416117,0.37992948,0
221,29,10,0,1.9773393,0.808,0.26117364,2.238457,0,0,3.1110327,1.758018,0.37992948,0
222,30,10,0,1.9773393,0.808,0.26117364,3.8827603,0,0,3.7655168,1.8178109,1.3099558,0
223,31,10,0.3444948,1.9773393,0.808,0.26117364,4.5270634,0,0.05791207,4.4607477,1.8614029,1.5020189,0
224,32,10,1.91434,1.9773393,0.808,0.26117364,4.1713667,0,0.8584951,5.1299257,1.6846385,1.423171,0
225,33,10,7.3728037,1.9773393,0.808,0.26117364,2.8156703,0,2.4729571,5.7474318,1.8358139,2.6427937,0.5
226,34,10,9.691346,1.9773393,0.808,0.26117364,2.3285348,0,3.2735403,6.215491,2.4752011,3.0661721,0
227,35,10,8.251531,1.9773393,0.808,0.26117364,2.7100306,0,3.2602441,6.3657913,1.3959888,2.9500601,0
228,36,10,9.928355,1.9773393,0.808,0.26117364,2.0915263,0,2.7260094,6.9329653,1.4201252,3.9513052,0
229,37,10,8.783308,1.9773393,0.808,0.26117364,2.473022,0,2.4630966,6.6363587,1.2522867,3.915111,0
230,38,10,10.03943,1.9773393,0.808,0.26117364,1.8545178,0,3.0140634,6.1610827,1.8540517,3.8752728,0
231,39,10,10.599445,1.9773393,0.808,0.26117364,1.4204359,0,2.7511506,6.066065,2.4171658,3.7960231,0
232,40,10,8.686787,1.9773393,0.808,0.26117364,1.986354,0,2.1053936,5.7725563,1.3425205,4.040022,0.42317188
233,41,10,4.3505945,1.9773393,0.808,0.26117364,3.552272,0,0.6457572,5.3962474,1.2466085,3.6247768,0
234,42,10,1.4889892,1.9773393,0.808,0.26117364,4.4602265,0,0,5.152889,1.0835372,2.723313,0
235,43,10,0.3194055,1.9773393,1.1132957,0.26117364,4.368181,0.22424585,0,5.6275697,1.0159639,1.5841179,0
236,44,10,0,1.9773393,2.023625,0.26117364,3.276136,0.815911,0,5.602307,1.0510471,1.6648412,0
237,45,10,0,1.9773393,2.6871438,0.26117364,1.1840907,1.5214552,0,4.8457437,1.3018548,1.4476144,0
238,46,10,0,1.9773393,2.7625713,0.26117364,0.09204534,2.031595,0,4.110176,1.328178,0.9721589,0.67822206
239,47,10,0,1.9773393,3.35252,0.26117364,0,2.427856,0,3.7117774,1.4142486,0.5004292,2.3564441
240,48,10,0,1.9773393,4.453391,0.26117364,0,3.6379957,0,3.5170991,1.3968816,0.37992948,5
241,49,11,0,1.9773393,1.0051013,0.26117364,0,2.3178658,0,3.198938,1.946623,0.37992948,0
242,50,11,0,1.9773393,1.4995096,0.26117364,0,1.6690948,0,3.029765,1.9614335,0.37992948,0
243,51,11,0,1.9773393,1.6510711,0.26117364,0.49573344,0.9946694,0,2.9942765,1.9697913,0.37992948,0
244,52,11,0,1.9773393,1.0483367,0.26117364,1.9914669,0.20636491,0,3.080952,1.9878105,0.37992948,0
245,53,11,0,1.9773393,0.808,0.26117364,2.4872003,0,0,3.1284447,1.9893492,0.37992948,0
246,54,11,0,1.9773393,0.808,0.26117364,3.0676603,0,0.02042351,3.7084599,1.9693707,0.37992948,0
247,55,11,0.5940674,1.9773393,0.808,0.26117364,3.598052,0,0.39084703,4.4131866,2.0186791,0.37992948,0
248,56,11,3.857756,1.9773393,0.808,0.26117364,3.1284435,0.07517,0.83175963,5.1929603,1.7969218,2.2502513,0
249,57,11,8.410305,1.9773393,0.808,0.26117364,1.6588353,0.26952454,1.3865514,5.7390785,1.9018519,4.2803373,0.04136821
250,58,11,10.830654,1.9773393,0.808,0.26117364,1.1892269,0,2.0552223,6.215491,2.2209773,4.538714,0
251,59,11,11.194153,1.9773393,0.808,0.26117364,0.82572836,0,2.5059404,6.4398737,1.9389203,4.14567,0
252,60,11,11.466201,1.9773393,0.808,0.26117364,0.5536807,0,2.8427796,6.9329653,1.5800618,3.6745982,0
253,61,11,11.07326,1.9773393,0.808,0.26117364,0.94662094,0,3.0657396,6.689808,1.7836734,3.4911842,0
254,62,11,10.512465,1.9773393,0.808,0.26117364,1.5074167,0,3.1748207,6.169898,2.1078877,3.5777981,0
255,63,11,9.845146,1.9773393,0.808,0.26117364,1.947676,0,2.5484185,6.050171,2.449201,3.7555547,0
256,64,11,5.8077,1.9773393,0.808,0.26117364,3.3879352,0.24728993,1.7422698,5.669131,1.4321566,3.6098912,0
257,65,11,3.9180157,1.9773393,0.808,0.26117364,3.8281944,0.03070076,1.05,5.3852816,1.4109274,2.9412253,0
258,66,11,1.9514765,1.9773393,0.808,0.26117364,3.324816,0,0.35,5.105784,1.4078394,1.423192,0
259,67,11,0.41947117,1.9773393,1.3533602,0.26117364,3.5498774,0.4837251,0,5.594098,1.2110692,1.2037902,0
260,68,11,0,1.9773393,3.0901928,0.26117364,2.7749386,0.68906444,0,5.641883,1.323676,1.7911603,0
261,69,11,0,1.9773393,3.9146156,0.26117364,1,1.2643669,0,4.9187803,1.4887773,1.9739485,0
262,70,11,0,1.9773393,3.228171,0.26117364,0,1.9535486,0,4.136325,1.7463142,1.5016038,0
263,71,11,0,1.9773393,2.6156197,0.26117364,0,2.528851,0,3.6601944,1.8554555,0.8924668,0.9388774
264,72,11,0,1.9773393,2.5274777,0.26117364,0,3.9180326,0,3.382285,1.895311,0.49268258,2.877755
265,73,12,0,1.9773393,1.3852273,0.26117364,0,3.804308,0,3.2255468,1.4768944,0.37992948,2.3096879
266,74,12,0,1.9773393,1.3412364,0.26117364,0,2.028594,0,3.0186858,1.5188948,0.37992948,0.6548439
267,75,12,0,1.9773393,1.3660133,0.26117364,0.40982494,1.0023961,0,2.9683087,1.6325194,0.37992948,0
268,76,12,0,1.9773393,0.808,0.26117364,1.8196498,0.32619804,0,3.0521011,1.7243406,0.37992948,0
269,77,12,0,1.9773393,0.808,0.26117364,2.2294748,0,0,3.110404,1.7496647,0.37992948,0
270,78,12,0.6519549,1.9773393,0.808,0.26117364,2.5009935,0,0.3199781,3.71443,1.7491341,0.37992948,0
271,79,12,1.8826958,1.9773393,0.808,0.26117364,3.301054,0,0.9899562,4.4826007,1.7328706,0.9888452,0
272,80,12,5.400667,1.9773393,0.808,0.26117364,3.1011145,0.10796055,1.4593606,5.299051,1.6330436,3.2288103,0
273,81,12,9.690044,1.9773393,0.808,0.26117364,1.9011751,0,2.0426443,5.8456244,2.4837832,4.2296906,0
274,82,12,10.618591,1.9773393,0.808,0.26117364,1.40129,0,2.739807,6.215491,1.5924906,4.4826164,0
275,83,12,11.024598,1.9773393,0.808,0.26117364,0.9952829,0,3.000613,6.4398737,1.4920532,4.0978646,0
276,84,12,11.176997,1.9773393,0.808,0.26117364,0.8428838,0,3.14754,6.9329653,1.3131673,3.6367323,0
277,85,12,10.611324,1.9773393,0.808,0.26117364,1.4085569,0,3.261477,6.6898074,1.6219323,3.4571881,0
278,86,12,10.189616,1.9773393,0.808,0.26117364,1.8302653,0,3.0462961,6.169898,2.2722359,3.5419745,0
279,87,12,8.729361,1.9773393,0.808,0.26117364,2.5535102,0,2.1574647,6.0144744,2.081277,3.7159808,0.32419762
280,88,12,3.0709043,1.9773393,0.808,0.26117364,4.276755,0.067434445,1.3825127,5.5397725,1.3815256,2.1218064,0
281,89,12,1.3601362,1.9773393,0.808,0.26117364,5,0,0.72143954,5.288256,1.356124,2.0048397,0
282,90,12,0.6480701,1.9773393,0.808,0.26117364,4.980715,0,0.18571977,5.1304584,1.2782556,2.044874,0
283,91,12,0.23222445,1.9773393,0.808,0.26117364,4.7845716,0,0,5.629244,1.2433169,1.1547587,0
284,92,12,0.07841437,1.9773393,2.0401204,0.26117364,3.5884287,0.60697544,0,5.630811,1.1559155,1.7297356,0
285,93,12,0,1.9773393,2.6967428,0.26117364,1.3922858,2.0278301,0,4.860989,1.5497255,1.9086673,0
286,94,12,0,1.9773393,2.4534175,0.26117364,0.19614294,2.8956428,0,4.0958223,1.5389491,1.4462886,0.6666667
287,95,12,0,1.9773393,3.3635366,0.26117364,0,2.9495761,0,3.7125487,1.6197504,0.8500038,2.3333333
288,96,12,0,1.9773393,5.6711617,0.26117364,0,2.8896308,0,3.602343,1.7023178,0.4586549,5
289,1,13,0,3.0883265,4.054027,0.26117364,0,2.9386172,0,3.5236883,1.402537,0.37992948,5
290,2,13,0,3.0883265,5.217474,0.26117364,0,1.678963,0,3.4025097,1.4275084,0.37992948,5
291,3,13,0,3.0883265,5.0626173,0.26117364,0,0.76930857,0,3.3115911,1.4539156,0.37992948,4
292,4,13,0,3.0883265,3.6307585,0.26117364,0,0.2096543,0,3.235343,1.5386509,0.37992948,2
293,5,13,0,3.0883265,1.9916395,0.26117364,0.3018115,0,0,3.1720552,1.5549766,0.37992948,0.5
294,6,13,0.22404368,3.0883265,0.808,0.26117364,1.603623,0,0,3.7516074,1.5454031,0.6521666,0
295,7,13,1.0965216,3.0883265,0.808,0.26117364,2.4024153,0,0,4.5038204,1.5383773,1.5782495,0
296,8,13,2.724065,3.0883265,0.808,0.26117364,2.2012076,0.4638791,0.19952676,5.198488,1.2685634,2.8440835,0
297,9,13,7.48801,3.0883265,0.808,0.26117364,1,0.4638791,1.2129326,5.826306,1.4784015,4.207811,0.3479484
298,10,13,10.908895,3.0883265,0.808,0.26117364,0,0,2.3402176,6.3597407,1.8720647,4.4583817,0
299,11,13,10.908895,3.0883265,0.808,0.26117364,0,0,2.9485915,6.6291304,1.3754698,4.077213,0
300,12,13,10.909144,3.0883265,0.808,0.26092365,0,0,3.1779628,7.1644588,1.067609,3.6203742,0
301,13,13,10.267071,3.0883265,0.808,0.26117364,0.6418237,0,3.2873664,6.936036,1.3645002,3.4425018,0
302,14,13,7.4023457,3.0883265,0.808,0.26117364,1.4665349,0.23193955,2.82578,6.304027,1.0072263,3.085297,0
303,15,13,9.617648,3.0883265,0.808,0.26117364,1.291246,0,2.788992,6.322901,1.8327743,3.6988847,0.38685286
304,16,13,9.38236,3.0883265,0.808,0.26117364,0.30876386,0,2.130621,6.040724,2.0836678,3.5576222,0
305,17,13,4.3717623,3.0883265,0.808,0.26117364,0.32628167,0.24854162,0.658371,5.5042353,1.0036064,1.9018831,0
306,18,13,1.8304405,3.0883265,0.8718225,0.3339776,0.42864683,0.2257328,0,5.1884975,0.9711738,0.58328617,0
307,19,13,0.49664122,3.0883265,2.551645,0.35819662,0.7143234,0.9777775,0,5.750971,0.7663727,1.1335769,0.5
308,20,13,0.05353519,3.0883265,5.3051295,0.29245186,0,1.8437012,0,5.7948995,1.0490546,1.7032006,2
309,21,13,0,3.0883265,6.9578023,0.26117364,0,2.171129,0,5.2234774,1.3384982,1.8804657,4
310,22,13,0,3.0883265,6.9944744,0.26117364,0,1.990014,0,4.5188966,1.3567095,1.4223926,5
311,23,13,0,3.0883265,6.3833566,0.26117364,0,1.503326,0,4.0384707,1.3300623,0.8316599,5
312,24,13,0,3.0883265,6.724336,0.26117364,0,0.552759,0,3.7876463,1.3590044,0.44395494,5
313,25,14,0,3.0883265,6.882414,0.29684097,0,0,0,3.7221465,1.1295154,0.37992948,5
314,26,14,0,3.0883265,5.7795634,0.293357,0,0.634243,0,3.441856,1.137715,0.37992948,4.8
315,27,14,0,3.0883265,4.474169,0.29039592,0,0.5833333,0,3.2711933,1.1491122,0.37992948,3.6
316,28,14,0,3.0883265,2.1522546,0.2845858,0,0.5819396,0,3.1354825,1.155705,0.37992948,1.4
317,29,14,0,3.0883265,0.808,0.28713953,0.71805316,0,0,3.127311,1.158289,0.37992948,0.2
318,30,14,0.33502564,3.0883265,0.808,0.26202166,1.5880773,0,0,3.7752357,1.1423239,1.127902,0
319,31,14,0.5232155,3.0883265,0.808,0.26117364,3.4581015,0,0,4.564977,1.1775317,2.3603184,0
320,32,14,1.032699,3.0883265,0.808,0.26117364,4.7290506,0,0,5.296895,1.3304201,3.2559454,0
321,33,14,2.3487346,3.0883265,0.808,0.26117364,5,0,0,5.8002014,1.3930837,4.27696,0
322,34,14,3.2344525,3.0883265,0.808,0.26359135,4.401255,0,0.25552756,6.1985106,1.107907,4.1976905,0
323,35,14,5.1087794,3.0883265,0.808,0.28623238,2.8025098,0,1.1446654,6.5009117,1.0634583,3.3488226,0
324,36,14,9.708517,3.0883265,0.808,0.26092365,1.2006269,0,2.1476822,7.258258,1.5306662,3.6720734,0.42172575
325,37,14,10.31015,3.0883265,0.808,0.26117364,0.59874386,0,2.6151702,7.039534,1.886783,3.4889174,0
326,38,14,5.3070073,3.0883265,0.808,0.26409245,0.9968608,0,2.2687793,6.2343855,1.1282868,0.7968463,0
327,39,14,6.4173326,3.0883265,0.808,0.2767147,1.0707151,0,2.6048646,6.1958914,1.0714885,1.7528551,0
328,40,14,10.764325,3.0883265,0.808,0.26117364,0.1445694,0,2.8270712,6.236783,2.2222714,3.607457,0.136822
329,41,14,9.746182,3.0883265,0.808,0.26117364,0,0,2.2353983,5.9626255,1.9871641,3.4467888,0.23571649
330,42,14,6.056264,3.0883265,0.808,0.3370006,0.40345398,0,1.0223925,5.5734787,0.9799688,3.0812151,0
331,43,14,1.7626964,3.0883265,2.0227673,0.32170647,0.701727,0.6230185,0.2792567,5.884323,0.92015195,1.2005206,0.2
332,44,14,0.27054852,3.0883265,4.284544,0.32771164,0,2.059916,0,5.8062887,1.0017041,1.7870643,1.4
333,45,14,0,3.0883265,6.064265,0.26117364,0,2.6829348,0,5.2125134,1.2786012,1.9695954,3.6
334,46,14,0,3.0883265,6.227986,0.26117364,0,2.566677,0,4.5010004,1.3092579,1.497915,4.8
335,47,14,0,3.0883265,5.9816666,0.26117364,0,1.9892502,0,4.031852,1.3629403,0.8896354,5
336,48,14,0,3.0883265,6.076127,0.26117364,0,1.2979442,0,3.752354,1.4448144,0.49041355,5
337,49,15,0,3.0883265,3.244059,0.29519045,0,3.406497,0,3.5000865,1.1180671,0.37992948,5
338,50,15,0,3.0883265,3.635173,0.2897184,0,2.656497,0,3.3167033,1.1370926,0.37992948,4.8
339,51,15,0,3.0883265,3.3079414,0.28397697,0,1.6682147,0,3.2219024,1.1106378,0.37992948,3.6
340,52,15,0,3.0883265,1.7017709,0.27495542,0,1.0942954,0,3.1575289,1.1859003,0.37992948,1.4
341,53,15,0.021419818,3.0883265,0.808,0.26933724,0.5,0.40649706,0.099513575,3.2002351,1.1779127,0.37992948,0.2
342,54,15,1.6482532,3.0883265,0.808,0.26117364,0,0.35649705,0.54902714,3.8850162,1.3122877,0.37992948,0
343,55,15,2.9958475,3.0883265,0.808,0.26117364,0.48287842,0.1220744,1.3485407,4.690792,1.3030485,0.37992948,0
344,56,15,6.07474,3.0883265,0.808,0.26117364,1.4312571,0,2.1146955,5.622394,1.220246,2.670172,0
345,57,15,8.898935,3.0883265,0.808,0.26117364,1.9911162,0,2.865775,6.301432,1.6854815,4.1588726,0
346,58,15,8.945448,3.0883265,0.808,0.26117364,1.9634466,0,2.802976,6.726456,1.0967971,4.4041753,0
347,59,15,9.143455,3.0883265,0.808,0.26117364,1.7654394,0,2.7673192,7.0475187,1.1845465,4.0310197,0
348,60,15,9.960118,3.0883265,0.808,0.26117364,0.9487755,0,2.8455415,7.6229315,0.9781471,3.583785,0
349,61,15,10.444246,3.0883265,0.808,0.26117364,0.46464813,0,3.1729138,7.420246,1.0275927,3.4096522,0
350,62,15,10.654255,3.0883265,0.808,0.26117364,0.254639,0,3.386407,6.9406404,1.2114737,3.491883,0
351,63,15,10.754395,3.0883265,0.808,0.26117364,0.15449922,0,3.367167,6.8094873,1.1931052,3.6606448,0
352,64,15,10.861204,3.0883265,0.808,0.26117364,0.047690284,0,2.7311237,6.588952,2.1879764,3.5223522,0
353,65,15,8.872497,3.0883265,0.808,0.26117364,0,0,1.6566317,6.221029,1.7467475,3.369599,0
354,66,15,6.626185,3.0883265,0.808,0.26117364,0,0.2198365,0.65427196,5.8636975,1.1191757,2.972375,0.35801232
355,67,15,1.8664732,3.0883265,1.9788668,0.31966227,0.5,0.6734774,0,6.1063566,0.9989934,1.0861988,0.19926758
356,68,15,0.17768618,3.0883265,4.7657337,0.3146472,0,1.4126288,0,6.016342,1.02232,1.6438472,1.0405228
357,69,15,0,3.0883265,5.9366007,0.32519123,0,1.7099701,0,5.338108,0.98682594,1.8173859,2.8817782
358,70,15,0,3.0883265,5.4914675,0.28150997,0,2.4704392,0,4.5395365,0.94638515,1.3689426,4.440889
359,71,15,0,3.0883265,3.430334,0.29048562,0,4.0447874,0,3.9056544,1.1216605,0.7906289,5
360,72,15,0,3.0883265,1.1179582,0.2936577,0,5.5052567,0,3.42908,1.1290544,0.41107458,5
361,73,16,0,2.8883193,3.5173774,0.3501074,0,3.1596918,0,3.5256386,0.9739382,0.37992948,5
362,74,16,0,2.8883193,3.8752227,0.3458254,0,2.1182957,0,3.3541393,0.95760465,0.37992948,4.5
363,75,16,0,2.8883193,3.0066807,0.3481732,0,1.349114,0,3.222085,0.95428336,0.37992948,3
364,76,16,0,2.8883193,1.6613706,0.34830326,0,0.6377983,0,3.165555,0.9543175,0.37992948,1
365,77,16,0.28908092,2.8883193,0.808,0.34568685,0.5409411,0,0.25096118,3.2532694,0.9518785,0.37992948,0
366,78,16,1.4234186,2.8883193,0.808,0.26117364,0.8577121,0,0.8519224,4.0229006,0.9478816,0.37992948,0
367,79,16,4.5517836,2.8883193,0.808,0.26117364,1.1002027,0,1.8028836,4.973957,1.0545435,1.742105,0
368,80,16,8.276449,2.8883193,0.808,0.26117364,1.9882569,0,2.6957903,5.96293,2.2684731,3.2590168,0
369,81,16,8.82797,2.8883193,0.808,0.26117364,2.280932,0,2.7748177,6.554715,1.4185615,4.28231,0
370,82,16,7.2933025,2.8883193,0.808,0.26117364,2.3963447,0.30188197,2.5616395,6.9404902,1.1883562,3.2225466,0
371,83,16,9.214799,2.8883193,0.808,0.26117364,1.894102,0.13988486,2.4623406,7.401889,1.1585269,4.1475325,0
372,84,16,10.37099,2.8883193,0.808,0.35558954,0.7379117,0,2.4769206,8.027706,0.94412047,3.6760736,0
373,85,16,10.985254,2.8883193,0.808,0.3412505,0.12364692,0,2.767805,7.893176,0.95699143,3.492509,0
374,86,16,11.108901,2.8883193,0.808,0.26117364,0,0,2.9448102,7.443722,1.0626789,3.5791938,0
375,87,16,11.109151,2.8883193,0.808,0.26092365,0,0.20114017,3.1244893,7.270158,1.0798007,3.7570965,0
376,88,16,11.108901,2.8883193,0.808,0.26117364,0,0,2.699911,7.0296288,1.6895522,3.611313,0
377,89,16,9.282007,2.8883193,0.808,0.26117364,0.0027861656,0,1.9064543,6.6685047,1.1810504,3.4502864,0
378,90,16,4.821059,2.8883193,0.808,0.26117364,0,0.41453952,0.9237571,6.1033115,1.067718,0.9684943,0.09382115
379,91,16,1.4949917,2.8883193,2.0806508,0.32300088,0.5,1.2929581,0.054939006,6.3222866,0.96100503,1.2057006,0
380,92,16,0.47744253,2.8883193,4.2180915,0.32104558,0,1.8227632,0,6.0737066,0.91823435,1.7935531,0.90617883
381,93,16,0.009777474,2.8883193,5.6806574,0.35298243,0,2.2386892,0,5.405266,0.9403213,1.9764919,2.8123577
382,94,16,0,2.8883193,5.69594,0.33922806,0,2.5407362,0,4.5592923,0.95900416,1.5037587,4.406179
383,95,16,0,2.8883193,4.0952225,0.35079435,0,3.5487266,0,4.0095215,0.94343,0.8941212,5
384,96,16,0,2.8883193,2.3621178,0.34971094,0,4.4428377,0,3.5594194,0.95356816,0.49400836,5
385,1,17,0,2.8883193,3.964326,0.32251236,0,2.8,0,3.547907,1.0113316,0.37992948,5
386,2,17,0,2.8883193,3.8498297,0.31873953,0,2.1,0,3.3274071,0.91356224,0.37992948,4.5
387,3,17,0,2.8883193,3.4154124,0.31562003,0,1.05,0,3.2284045,1.0250282,0.37992948,3
388,4,17,0,2.8883193,2.0781884,0.33137962,0,0.35,0,3.2051866,1.0267816,0.37992948,1
389,5,17,0.27793854,2.8883193,0.808,0.31284112,0.4260282,0,0,3.2672648,1.0299435,0.37992948,0
390,6,17,0.7732744,2.8883193,0.808,0.26117364,1.5695212,0,0.20701005,4.0661097,1.1970465,0.79413253,0
391,7,17,1.9209522,2.8883193,0.808,0.26117364,3.7130141,0,0.7640201,5.0302567,1.424289,2.3369038,0
392,8,17,3.190047,2.8883193,0.808,0.26117364,4.856507,0,1.4775325,5.8851967,1.4164515,3.188877,0
393,9,17,4.2585917,2.8883193,0.808,0.26117364,5,0,2.0913966,6.5226426,1.1372733,3.4287825,0
394,10,17,6.6603947,2.8883193,0.808,0.26117364,4.448507,0,2.3552606,7.1557727,1.1340879,4.385283,0
395,11,17,6.374499,2.8883193,0.808,0.26117364,4.7344027,0,2.2691245,7.533621,1.195456,4.032203,0
396,12,17,5.2849593,2.8883193,0.808,0.26117364,4.3672013,0,1.8329886,8.069498,1.1104646,2.5607123,0
397,13,17,5.297454,2.8883193,0.808,0.26117364,3,0,2.153693,7.8475943,1.2044576,1.0132118,0
398,14,17,9.804168,2.8883193,0.808,0.26092365,1,0,2.5882764,7.575968,1.0684072,3.49277,0
399,15,17,11.109402,2.8883193,0.808,0.29002878,0,0,2.4278166,7.420895,1.5494233,3.6616244,0
400,16,17,10.994162,2.8883193,0.808,0.26092365,0,0,2.1534777,7.1644278,2.074254,3.5232558,0
401,17,17,7.7904196,2.8883193,0.808,0.26117364,0.5,0,1.3542103,6.729374,1.0744133,3.0539262,0
402,18,17,6.161072,2.8883193,0.808,0.26117364,0,0,0.44106358,6.311574,1.1518443,1.7491882,0.42890495
403,19,17,4.6504755,2.8883193,0.808,0.26117364,0,0.06444119,0,6.5149894,1.034018,1.0874127,0
404,20,17,1.7580403,2.8883193,2.424,0.35819662,0.5,0.9427615,0,6.1488256,0.84113437,1.6453679,0.2
405,21,17,0.026687166,2.8883193,4.2678924,0.30490375,0,2.158235,0,5.363843,1.0272033,1.8190022,1.4
406,22,17,0,2.8883193,4.4957848,0.3264564,0,2.8106909,0,4.5131917,1.0017576,1.370312,3.6
407,23,17,0,2.8883193,4.8563104,0.32473838,0,2.6492672,0,4.0849695,1.0059958,0.7916802,4.8
408,24,17,0,2.8883193,4.6135507,0.31907055,0,2.3739645,0,3.7271454,1.0198531,0.41191694,5
409,25,18,0,2.8883193,5.2963567,0.34816456,0,1.4832532,0,3.6429482,0.9572264,0.37992948,5
410,26,18,0,2.8883193,5.289877,0.3470097,0,0.77807146,0,3.4282105,0.9591481,0.37992948,4.5
411,27,18,0,2.8883193,3.6673977,0.34610167,0,0.7223618,0,3.247836,0.96042544,0.37992948,3
412,28,18,0,2.8883193,1.9978546,0.34535846,0,0.35,0,3.2065985,0.95901483,0.37992948,1
413,29,18,0.17370275,2.8883193,0.808,0.34059858,0.44113684,0,0,3.2763777,0.95946056,0.37992948,0
414,30,18,0.90062135,2.8883193,0.808,0.26117364,0.79747343,0,0.16926432,4.0471406,1.0232639,0.37992948,0
415,31,18,2.8982553,2.8883193,0.808,0.26092365,1.1570712,0,0.68852866,4.9584417,0.981877,1.3477325,0
416,32,18,6.8906136,2.8883193,0.808,0.2606736,0.5166689,0.23193955,1.2793512,5.89254,1.13045,3.2578843,0
417,33,18,11.109652,2.8883193,0.808,0.26042363,0,0,1.984053,6.7176633,2.0483508,4.2803373,0
418,34,18,11.109901,2.8883193,0.808,0.26017365,0,0,2.1225057,7.233678,1.1355073,4.538714,0
419,35,18,11.109901,2.8883193,0.808,0.26017365,0,0,2.207071,7.622119,1.0555449,4.14567,0
420,36,18,11.109901,2.8883193,0.808,0.26017365,0,0.055383306,2.1187205,8.268028,1.0244405,3.6745982,0
421,37,18,11.109901,2.8883193,0.808,0.26017365,0,0,2.368844,8.145936,1.0244405,3.4911842,0
422,38,18,11.109652,2.8883193,0.808,0.26042363,0,0,2.3232794,7.7004256,1.4289016,3.5777981,0
423,39,18,11.109402,2.8883193,0.808,0.2606736,0,0,2.0536268,7.5220604,1.6991628,3.7555547,0
424,40,18,8.618585,2.8883193,0.808,0.26092365,0.68368167,0.14423907,1.3718721,7.141842,1.2441536,3.6098912,0
425,41,18,3.708824,2.8883193,0.808,0.26117364,1.9746546,0.022273537,0.8039965,6.634409,0.9565626,1.2322874,0
426,42,18,2.6001358,2.8883193,0.808,0.26117364,2.2656274,0,0.35,6.297663,0.9829097,1.1566939,0
427,43,18,1.5386372,2.8883193,1.4701934,0.33893636,2.0602083,0.44160557,0,6.5520277,0.946093,1.2037902,0
428,44,18,0.31180134,2.8883193,3.7483869,0.35554,0.85478944,1.6970903,0,6.2161155,0.81266207,1.7911603,1
429,45,18,0.048230607,2.8883193,5.372819,0.35583,0,2.7330847,0,5.4804134,0.90793234,1.9739485,3
430,46,18,0,2.8883193,5.3812513,0.35297927,0,2.9552,0,4.6005716,0.93958515,1.5016038,4.5
431,47,18,0,2.8883193,5.410262,0.35211864,0,2.3634362,0,4.1385956,0.94708407,0.8924668,5
432,48,18,0,2.8883193,6.130298,0.34809914,0,0.95779335,0,3.8400974,0.95574015,0.49268258,5
433,49,19,0,2.2776012,5.965944,0.34722954,0,1.3644605,0,3.5893905,0.9499255,0.37992948,5
434,50,19,0,2.2776012,6.0173187,0.349589,0,0.9096403,0,3.3878827,0.9503477,0.37992948,4.8
435,51,19,0,2.2776012,4.6556697,0.3477488,0,0.91653776,0,3.2303455,0.95129293,0.37992948,3.6
436,52,19,0,2.2776012,2.424,0.34874132,0.23211302,0.6377983,0,3.172695,0.93164,0.37992948,1.4
437,53,19,0.22442672,2.2776012,0.808,0.34800187,1.464226,0,0.2859826,3.2735362,0.9468182,0.37992948,0.2
438,54,19,2.1668813,2.2776012,0.808,0.26117364,1.6963391,0,0.92196524,4.1160913,0.96110576,1.1748435,0
439,55,19,4.398543,2.2776012,0.808,0.26117364,2.8940158,0,1.4120752,5.075427,1.2649969,2.350845,0.5
440,56,19,4.437562,2.2776012,0.808,0.26117364,3.9233909,0,1.552185,5.835937,1.0548058,3.2288103,0
441,57,19,2.93871,2.2776012,0.808,0.26117364,3.952766,0,1.3422949,6.290141,0.98308116,1.5867441,0
442,58,19,6.806259,2.2776012,0.808,0.26092365,2.9821408,0,1.2956003,6.996017,0.9640333,3.8432846,0
443,59,19,10.708604,2.2776012,0.808,0.2606736,1.0115157,0,2.0627847,7.5161095,1.3536457,4.0978646,0
444,60,19,9.8400545,2.2776012,0.808,0.35339594,0.040890735,0,2.0265098,8.031826,0.93956167,2.2860546,0
445,61,19,11.720619,2.2776012,0.808,0.30522943,0,0,2.2880895,8.0204315,1.3097503,3.4571881,0
446,62,19,11.720369,2.2776012,0.808,0.28583094,0,0,2.2463639,7.586101,1.681373,3.5419745,0
447,63,19,11.550001,2.2776012,0.808,0.2606736,0.17011853,0,1.8207412,7.4195895,2.0740936,3.7159808,0
448,64,19,7.5360923,2.2776012,0.808,0.26092365,1.340237,0,0.7712755,6.968016,0.96625406,3.481319,0
449,65,19,5.1226273,2.2776012,0.808,0.26117364,2.7551777,0,0.1536982,6.639106,0.97989583,3.4158907,0
450,66,19,2.4250987,2.2776012,0.808,0.26117364,3.1701186,0,0,6.194313,0.9613373,1.7503521,0
451,67,19,0.5662239,2.2776012,1.9122963,0.3354925,2.5850592,0.81387913,0,6.3593016,0.9405024,1.1547587,0
452,68,19,0.22541556,2.2776012,3.7727752,0.35552555,1,2.0916374,0,6.0204325,0.9367965,1.7297356,1
453,69,19,0.010473157,2.2776012,6.028117,0.35653067,0,2.5624466,0,5.3616495,0.92886263,1.9086673,3
454,70,19,0,2.2776012,6.6674595,0.33117193,0,2.2193768,0,4.54738,0.96595156,1.4462886,4.5
455,71,19,0,2.2776012,6.5576425,0.33547813,0,1.7624282,0,4.085785,0.9613715,0.8500038,5
456,72,19,0,2.2776012,7.061445,0.34914017,0,0.49160022,0,3.7870247,0.8981179,0.4586549,5
457,73,20,0,2.2776012,4.373652,0.35540882,0,2.8414814,0,3.4783504,0.9538737,0.37992948,5
458,74,20,0,2.2776012,4.796128,0.35819662,0,1.6609876,0,3.3023994,0.95538664,0.37992948,4.419208
459,75,20,0,2.2776012,3.7073066,0.3455385,0,0.9422114,0,3.1643727,0.85394955,0.37992948,2.8384163
460,76,20,0,2.2776012,1.9427533,0.3435313,0.23675254,0.6377983,0,3.1409402,0.9623692,0.37992948,0.9192082
461,77,20,0.08996287,2.2776012,0.808,0.3397779,1.473505,0,0.35,3.2682562,0.95467204,0.37992948,0
462,78,20,1.5512263,2.2776012,0.808,0.26117364,1.7757144,0,1.05,4.0844417,1.042563,0.37992948,0.0807918
463,79,20,3.3023772,2.2776012,0.808,0.26117364,3.0779238,0,1.8888491,5.0202174,1.0934422,1.6885772,0
464,80,20,3.717656,2.2776012,0.808,0.26117364,3.91435,0,2.3776982,5.7964687,1.1242737,1.6443505,0
465,81,20,5.5706077,2.2776012,0.808,0.26117364,3.7507763,0,2.5165472,6.4746447,1.0817446,2.5592332,0
466,82,20,9.132417,2.2776012,0.808,0.26117364,2.5872025,0.0014135954,2.3073528,7.148224,1.1178603,4.4583817,0
467,83,20,9.691172,2.2776012,0.808,0.26117364,2.0284479,0,2.2120376,7.535271,1.2058829,4.077213,0
468,84,20,10.837694,2.2776012,0.808,0.26117364,0.88192505,0,2.2306013,8.181324,0.9981046,3.6203742,0
469,85,20,11.323132,2.2776012,0.808,0.26117364,0.39648816,0,2.4906905,8.042062,1.05515,3.4425018,0
470,86,20,11.671699,2.2776012,0.808,0.26117364,0.04792033,0,2.6369,7.6078835,1.2591227,3.5264988,0
471,87,20,11.719619,2.2776012,0.808,0.26117364,0,0,2.560778,7.440783,1.3299596,3.6988847,0
472,88,20,11.263433,2.2776012,0.808,0.26117364,0.45618558,0,2.344845,7.1869726,1.940964,3.5576222,0
473,89,20,8.884406,2.2776012,0.808,0.26117364,0.5391568,0,1.3150334,6.765333,1.2523937,3.4015887,0
474,90,20,5.6344485,2.2776012,0.808,0.26117364,0.026104536,0.19977757,0.27650875,6.2145576,1.0274501,1.6525996,0
475,91,20,2.7777615,2.2776012,1.6236835,0.35018787,0.5130523,0.93197966,0,6.361877,0.94282204,1.1335769,0
476,92,20,0.9025011,2.2776012,3.66514,0.35018787,0,2.4780607,0,6.0005198,0.9337812,1.7032006,1
477,93,20,0.011717246,2.2776012,5.2985396,0.3321682,0,3.2102628,0,5.318163,0.895671,1.8804657,3
478,94,20,0,2.2776012,5.315939,0.35819662,0,3.398202,0,4.457775,0.9337812,1.4223926,4.5
479,95,20,0,2.2776012,5.4054008,0.35419226,0,2.7722619,0,4.0080256,0.9337812,0.8316599,5
480,96,20,0,2.2776012,6.1715255,0.35819662,0,1.3324429,0,3.7260406,0.9337812,0.44395494,5
481,1,21,0,2.2776012,5.079982,0.3461463,0,2.1,0,3.5275424,0.8602681,0.37992948,5
482,2,21,0,2.2776012,4.9419093,0.34167647,0,1.6319395,0,3.312604,0.9646038,0.37992948,4.5
483,3,21,0,2.2776012,3.8893995,0.34112316,0,1.05,0,3.1768641,0.9653409,0.37992948,3
484,4,21,0,2.2776012,2.2071035,0.3381285,0.19702071,0.51757634,0,3.1556525,0.9658589,0.37992948,1
485,5,21,0,2.2776012,0.808,0.3401463,1.3940414,0,0.18353593,3.2541697,0.9661647,0.37992948,0
486,6,21,0.37430403,2.2776012,0.808,0.26117364,2.4251156,0,0.7170719,4.043686,0.9695175,0.37992948,0
487,7,21,2.4160466,2.2776012,0.808,0.26117364,3.9188056,0,1.6006078,5.0113187,1.088198,1.9455128,0
488,8,21,4.1272874,2.2776012,0.808,0.26117364,4.9594026,0,2.2824392,5.8905272,1.0914958,3.1330135,0
489,9,21,3.3561711,2.2776012,0.808,0.26117364,5,0,2.614271,6.3972287,1.0652055,1.5902514,0
490,10,21,4.9132977,2.2776012,0.808,0.26117364,4.494514,0,2.5961025,6.9745755,1.1027615,2.0451574,0
491,11,21,8.730591,2.2776012,0.808,0.26117364,2.989028,0.1087514,2.378455,7.5217223,1.0964962,4.1424823,0
492,12,21,10.151284,2.2776012,0.808,0.26117364,1.5683352,0,2.2746866,8.166411,0.9172338,3.6720734,0
493,13,21,10.930488,2.2776012,0.808,0.26117364,0.7891318,0,2.4997106,8.026241,1.0155354,3.4889174,0
494,14,21,11.438503,2.2776012,0.808,0.26117364,0.28111595,0,2.701904,7.591677,1.1614145,3.5754094,0
495,15,21,11.674362,2.2776012,0.808,0.26117364,0.045256674,0,2.7902184,7.4247427,1.062528,3.7529156,0
496,16,21,11.716448,2.2776012,0.808,0.26117364,0.0031710628,0,2.5679088,7.171644,1.6833941,3.607457,0
497,17,21,10.576474,2.2776012,0.808,0.26117364,0.35897347,0.047053415,2.05672,6.857047,1.9327304,3.4467888,0
498,18,21,7.9190493,2.2776012,0.808,0.26117364,0,0.5579859,0.79060096,6.3601637,0.9889649,3.6338835,0.014207929
499,19,21,4.859475,2.2776012,0.8684747,0.26117364,0,0.7970439,0.16336094,6.4082685,0.9594712,1.2005206,0.29615816
500,20,21,1.4844261,2.2776012,2.5449495,0.35819662,0.5,1.8499808,0,5.989404,0.7657701,1.7870643,0.43692654
501,21,21,0.046516303,2.2776012,4.33113,0.35690027,0,2.7514985,0,5.246586,0.9337812,1.9695954,1.5776949
502,22,21,0,2.2776012,4.5013103,0.3238436,0,3.5121808,0,4.396477,0.96609133,1.497915,3.7184632
503,23,21,0,2.2776012,4.582649,0.34927145,0,3.4589844,0,3.947913,0.93573713,0.8896354,4.8592315
504,24,21,0,2.2776012,4.125361,0.35425895,0,3.2919087,0,3.581649,0.9410779,0.49041355,5
505,25,22,0,2.316355,4.3835135,0.3556017,0,2.8,0,3.4951854,0.94436586,0.37992948,5
506,26,22,0,2.316355,4.3757544,0.35819662,0,2.1,0,3.2872066,0.9471803,0.37992948,4.5
507,27,22,0,2.316355,3.525061,0.3468967,0,1.3377982,0,3.163232,0.94695944,0.37992948,3
508,28,22,0,2.316355,2.3444495,0.33830294,0.08145081,0.46171755,0,3.1670198,0.95933694,0.37992948,1
509,29,22,0,2.316355,0.808,0.33542562,1.1629016,0,0,3.2446702,0.96209323,0.37992948,0
510,30,22,0.7142625,2.316355,0.808,0.26117364,1.6121819,0,0.2783994,4.0253716,0.992283,0.37992948,0
511,31,22,2.683897,2.316355,0.808,0.26117364,2.973785,0,0.9067988,4.993881,1.1427912,1.9637496,0
512,32,22,3.7349892,2.316355,0.808,0.26117364,3.335388,0,1.4564257,5.7649336,1.1077054,2.0908518,0
513,33,22,5.8485727,2.316355,0.808,0.26117364,2.6969907,0,1.6560525,6.3949013,1.0910428,2.7531066,0
514,34,22,9.963499,2.316355,0.808,0.26117364,1.7173665,0,1.9695584,7.1034794,1.5531918,4.4041753,0
515,35,22,8.312459,2.316355,0.808,0.26117364,1.7377422,0,1.5529134,7.3654637,1.0715921,3.4097705,0
516,36,22,8.804094,2.316355,0.808,0.26117364,0.75811785,0,1.4999014,7.9494042,1.0762515,2.386195,0
517,37,22,11.681116,2.316355,0.808,0.3334172,0,0,2.0077186,7.9332848,1.7522433,3.4096522,0
518,38,22,10.955199,2.316355,0.808,0.26117364,0.24188215,0,2.4016566,7.4414015,1.2116789,3.491883,0
519,39,22,10.3345,2.316355,0.808,0.26117364,1.052101,0,2.6817155,7.3021336,1.0916466,3.6606448,0
520,40,22,9.471309,2.316355,0.808,0.26117364,0.9147812,0,2.1478953,6.976292,1.0890894,3.5223522,0
521,41,22,8.6398945,2.316355,0.808,0.26117364,0.6209513,0,1.1919984,6.6413054,1.4074823,3.369599,0
522,42,22,6.333064,2.316355,0.808,0.26117364,0,0,0.18905962,6.169486,0.95789766,2.3661592,0
523,43,22,3.0793877,2.316355,1.7916385,0.33237618,0.35585997,0.50315523,0,6.2968936,0.9596904,1.0861988,0
524,44,22,0.56509554,2.316355,4.3912773,0.33883128,0,1.8201896,0,5.9829144,0.76899683,1.6438472,1
525,45,22,0,2.316355,6.154216,0.35265946,0,2.3233447,0,5.350906,0.94229347,1.8173859,3
526,46,22,0,2.316355,6.748259,0.3382712,0,2.012621,0,4.5545745,0.9559995,1.3689426,4.5
527,47,22,0,2.316355,6.6143975,0.35312313,0,1.5766637,0,4.095736,0.9381851,0.7906289,5
528,48,22,0,2.316355,7.2051215,0.35034832,0,0.3268276,0,3.8074696,0.94411874,0.41107458,5
529,49,23,0,2.316355,5.88842,0.35819662,0,1.4,0,3.5989244,0.94812846,0.37992948,5
530,50,23,0,2.316355,5.4548078,0.35819662,0,1.4,0,3.3627403,0.9507,0.37992948,4.8
531,51,23,0,2.316355,4.481552,0.3469801,0,1.05,0,3.2285757,0.950392,0.37992948,3.6
532,52,23,0,2.316355,2.690823,0.350617,0,0.57866603,0,3.1792195,0.94132245,0.37992948,1.4
533,53,23,0,2.316355,0.94141155,0.35328162,1,0.17084982,0,3.2287076,0.9372714,0.37992948,0.2
534,54,23,0.34586924,2.316355,0.808,0.26117364,1.8152531,0,0.16568196,3.9900272,0.97502273,0.37992948,0
535,55,23,1.1322966,2.316355,0.808,0.26117364,2.7395191,0,0.68136394,4.833564,1.0761456,0.63028157,0
536,56,23,2.8252044,2.316355,0.808,0.26117364,4.3697596,0,1.4750943,5.7259254,1.1454062,2.1980767,0
537,57,23,4.7222877,2.316355,0.808,0.26117364,5,0,1.9188247,6.4170732,1.1480609,3.5878682,0
538,58,23,6.3440194,2.316355,0.808,0.26117364,4.6302404,0,2.0125551,6.982145,1.0768054,4.252293,0
539,59,23,7.89949,2.316355,0.808,0.26117364,3.2604809,0.25608072,2.1107225,7.361194,1.146141,4.1475325,0
540,60,23,10.407566,2.316355,0.808,0.26092365,1.2735498,0.051229697,2.3227692,8.007954,1.0748384,3.6760736,0
541,61,23,11.394247,2.316355,0.808,0.3489935,0.28661862,0,2.5668812,7.8385406,1.2202945,3.492509,0
542,62,23,11.680865,2.316355,0.808,0.26117364,0,0,2.6971142,7.378694,1.3754026,3.5791938,0
543,63,23,11.680865,2.316355,0.808,0.26117364,0,0,2.7134686,7.2276225,1.3322176,3.7570965,0
544,64,23,11.466551,2.316355,0.808,0.26117364,0.21431473,0,2.4049664,6.9764757,2.0376496,3.611313,0
545,65,23,9.010165,2.316355,0.808,0.26117364,0.027944611,0,1.4212165,6.542807,0.97333896,3.4502864,0
546,66,23,5.594091,2.316355,0.808,0.26117364,0,0.34939998,0.50945336,6.04477,1.0328386,1.7059684,0
547,67,23,2.2949414,2.316355,2.1539636,0.3529377,0.5,0.92633003,0.009859752,6.2160654,0.87691283,1.2057006,0.2
548,68,23,0.4291991,2.316355,4.723488,0.3345315,0,2.3171391,0,5.947811,0.9433584,1.7935531,1.4
549,69,23,0,2.316355,6.315412,0.35228035,0,2.8940692,0,5.3259172,0.9397178,1.9764919,3.6
550,70,23,0,2.316355,6.2913365,0.31914005,0,2.886839,0,4.4980736,0.9758486,1.5037587,4.8
551,71,23,0,2.316355,6.235315,0.3325199,0,2.0657299,0,4.0548115,0.9649972,0.8941212,5
552,72,23,0,2.316355,6.4343457,0.34473512,0,1.1307416,0,3.746921,0.9492585,0.49400836,5
553,73,24,0,2.316355,7.3632317,0.3434111,0,0,0,3.6997364,0.9073422,0.37992948,5
554,74,24,0,2.316355,6.9071136,0.34773836,0,0.253711,0,3.4644017,0.94459736,0.37992948,5
555,75,24,0,2.316355,5.9886317,0.34450206,0,0.043542854,0,3.3316388,0.94547355,0.37992948,4
556,76,24,0,2.316355,3.959443,0.34657362,0,0,0,3.2584424,0.94801044,0.37992948,2
557,77,24,0,2.316355,1.995982,0.3409541,0.48381716,0,0.026974123,3.245416,0.9487995,0.37992948,0.5
558,78,24,0.3251229,2.316355,0.808,0.3140465,1.9676343,0,0.40394825,3.9633708,0.9479209,0.37992948,0
559,79,24,2.0744386,2.316355,0.808,0.26117364,3.2804892,0,1.1309223,4.884122,1.0174887,1.6719344,0
560,80,24,4.4902873,2.316355,0.808,0.26117364,3.5933442,0.10226204,1.5078965,5.7161584,1.1225007,3.188877,0
561,81,24,6.866493,2.316355,0.808,0.26117364,2.9730616,0.28307056,1.9266638,6.3345337,1.0508409,4.160126,0
562,82,24,10.328087,2.316355,0.808,0.26117364,1.352779,0,2.4593103,6.9232984,1.2422322,4.405564,0
563,83,24,11.237529,2.316355,0.808,0.30812111,0.44333705,0,2.7428768,7.2741942,1.0280771,4.032203,0
564,84,24,11.681116,2.316355,0.808,0.32026726,0,0.14905575,2.8345284,7.872781,0.94677246,3.5847225,0
565,85,24,11.680865,2.316355,0.808,0.32363254,0,0,2.812301,7.6959014,1.1741676,3.4104939,0
566,86,24,11.445489,2.316355,0.808,0.35478714,0.23537679,0,2.6761944,7.23335,1.7217044,3.49277,0
567,87,24,10.564209,2.316355,0.808,0.26117364,1.1166565,0,2.260144,7.084524,2.0007236,3.6616244,0.023388645
568,88,24,4.466024,2.316355,0.808,0.26117364,2.9026065,0.33515266,1.4652591,6.538574,0.95942825,2.0900607,0
569,89,24,1.7965286,2.316355,0.808,0.26117364,3.6885564,0.2064262,0.7842533,6.1694365,0.959217,1.1281437,0
570,90,24,2.3277001,2.316355,0.808,0.26117364,3.4745064,0,0.21712665,5.949626,0.9705711,2.0144212,0
571,91,24,1.8272961,2.316355,1.4914733,0.34390825,2.2604563,0,0,6.1679683,0.9481187,1.0874127,0
572,92,24,0.294376,2.316355,3.5334,0.35819662,1.0976809,0.81387913,0,5.8585286,0.87400126,1.6453679,0
573,93,24,0,2.316355,3.959327,0.35819662,0.048840463,2.015357,0,5.1099377,0.94548935,1.8190022,0.7876572
574,94,24,0,2.316355,3.173971,0.35819662,0,3.3364303,0,4.243052,0.9602848,1.370312,2.5753143
575,95,24,0,2.316355,2.6391766,0.35819662,0,4.543625,0,3.7814867,0.96053904,0.7916802,4.2876573
576,96,24,0,2.316355,1.5401741,0.35819662,0,5.575161,0,3.3944352,0.947545,0.41191694,5
577,1,25,0,1.824253,8.007261,0.35819662,0,0,0,3.731438,1.0423543,0.37992948,5
578,2,25,0,1.824253,5.3508816,0.35819662,0,0,0,3.3357894,1.0505915,0.37992948,2.7310312
579,3,25,0,1.824253,3.1473653,0.35819662,0,0.11171755,0,3.1050322,1.0550655,0.37992948,0.86551565
580,4,25,0,1.824253,1.7458221,0.35819662,0.37164995,0.28779832,0,3.0843449,1.087456,0.37992948,0
581,5,25,0,1.824253,0.808,0.3376742,1.7433,0,0,3.1924853,1.1048226,0.37992948,0
582,6,25,0.035841543,1.824253,0.808,0.26117364,2.9309003,0,0.35,3.9165046,1.1777449,0.37992948,0
583,7,25,2.6453202,1.824253,0.808,0.26117364,3.8175216,0,0.9425381,4.8575654,1.1591798,2.3609953,0
584,8,25,4.4863563,1.824253,0.808,0.26117364,3.9216645,0.05777327,1.2801709,5.652202,1.1329739,3.2578843,0
585,9,25,7.351453,1.824253,0.808,0.26117364,3.0258071,0.10768413,1.7316827,6.257545,1.0728159,4.2803373,0
586,10,25,10.558078,1.824253,0.808,0.26117364,1.1299498,0.0892814,2.2970736,6.773313,1.0256455,4.538714,0
587,11,25,12.107993,1.824253,0.808,0.35819662,0.06497488,0.32321963,2.566464,7.095118,1.6433953,4.14567,0
588,12,25,12.172968,1.824253,0.808,0.35819662,0,0.29643923,2.721975,7.6648693,1.3624243,3.6745982,0
589,13,25,11.964747,1.824253,0.808,0.35819662,0.20821989,0.32321963,2.7636073,7.4712043,1.7246517,3.4911842,0
590,14,25,8.43301,1.824253,0.808,0.26117364,1.4164398,0.23193955,2.69136,6.827924,1.0135733,2.4059694,0
591,15,25,7.8060665,1.824253,0.808,0.26117364,3.0155594,0,2.0078483,6.7619824,1.1536778,3.7555547,0
592,16,25,5.90158,1.824253,0.808,0.26117364,3.8606265,0,1.4382155,6.452671,1.118865,3.6098912,0
593,17,25,3.098742,1.824253,0.808,0.26117364,3.7056935,0,0.98246187,5.949634,0.9942194,1.7355564,0
594,18,25,1.3721013,1.824253,0.808,0.26117364,4.0471525,0,0.35,5.627279,0.98742056,0.8119912,0.5
595,19,25,0.21495901,1.824253,1.6424073,0.35819662,4.037722,0.26403448,0,6.144443,0.9573496,1.2037902,0
596,20,25,0.011817053,1.824253,2.841912,0.35819662,3.0282915,0.64194804,0,5.9178567,0.9614117,1.7911603,0
597,21,25,0,1.824253,3.0854416,0.35819662,1.0188609,1.8337407,0,5.096896,1.013659,1.9739485,0
598,22,25,0,1.824253,2.2818532,0.35819662,0.009430489,2.9116545,0,4.2111225,0.9700048,1.5016038,0.6666667
599,23,25,0,1.824253,1.7217155,0.35819662,0,4.1349726,0,3.7124605,1.0648873,0.8924668,2.3333333
600,24,25,0,1.824253,2.7775776,0.35819662,0,5.1649814,0,3.482146,1.1141907,0.49268258,5
601,25,26,0,1.824253,6.292993,0.35819662,0,0.16757633,0,3.6056206,1.0079751,0.37992948,3.6135044
602,26,26,0,1.824253,3.8881228,0.35819662,0,0,0,3.2333963,1.012254,0.37992948,1.409003
603,27,26,0,1.824253,2.5143154,0.35819662,0,0,0,3.0548275,1.0215168,0.37992948,0.2045015
604,28,26,0,1.824253,1.0594358,0.35819662,1,0.23193955,0,3.0569725,1.0009333,0.37992948,0
605,29,26,0,1.824253,0.808,0.35819662,1.5856975,0,0,3.1301684,1.0300596,0.37992948,0
606,30,26,0,1.824253,0.808,0.32331583,2.3239472,0,0.037222225,3.783396,1.042979,0.37992948,0
607,31,26,1.2471231,1.824253,0.808,0.26117364,4.062197,0,0.42444444,4.645352,1.2057251,1.8912356,0
608,32,26,1.9831953,1.824253,0.808,0.26117364,5,0,1.1308322,5.37392,1.0021753,2.333705,0
609,33,26,3.4302335,1.824253,0.808,0.31991866,5,0,1.4872198,5.8949986,1.0214374,2.9427593,0
610,34,26,6.562981,1.824253,0.808,0.26117364,4.259063,0.23193955,1.9248133,6.4412704,1.0627204,4.4826164,0
611,35,26,9.323116,1.824253,0.808,0.26117364,2.5181255,0,2.476286,6.7608867,1.3636416,4.0978646,0
612,36,26,11.000925,1.824253,0.808,0.31861308,0.90972847,0,2.7235012,7.3041897,1.1611068,3.6367323,0
613,37,26,11.9661255,1.824253,0.808,0.35819662,0.20684221,0.175,2.856837,7.108028,1.8803746,3.4571881,0
614,38,26,11.578645,1.824253,0.808,0.34764752,0.50395596,0,2.8762941,6.612142,1.9961004,3.5419745,0
615,39,26,10.147998,1.824253,0.808,0.26117364,1.0190637,0,2.781872,6.4177566,1.1088893,3.7159808,0
616,40,26,7.645856,1.824253,0.808,0.26117364,1.8950478,0.39951587,2.1753347,6.0849285,0.96420324,3.5733905,0
617,41,26,4.115189,1.824253,0.808,0.27193233,2.9782825,0.33515266,1.2057278,5.6452103,0.9624736,2.4834077,0
618,42,26,1.1633606,1.824253,0.808,0.30791056,3.9837117,0,0.35,5.320792,0.98608595,1.3943677,0
619,43,26,0.1086151,1.824253,1.6424073,0.35819662,3.9891412,0.1378089,0,5.890517,0.9791569,1.1547587,0
620,44,26,0,1.824253,2.6424704,0.35819662,2.9945705,0.5990097,0,5.706085,0.9466896,1.7297356,0
621,45,26,0,1.824253,2.7308104,0.35819662,1,1.8740895,0,4.925343,0.91735005,1.9086673,0
622,46,26,0,1.824253,1.9643766,0.35819662,0,3.0352902,0,4.0893416,0.9438295,1.4462886,0.6666667
623,47,26,0,1.824253,1.2839444,0.35819662,0,4.322561,0,3.623398,0.9462297,0.8500038,2.3333333
624,48,26,0,1.824253,2.2195122,0.35819662,0,5.477258,0,3.4161303,0.9684453,0.4586549,5
625,49,27,0,1.824253,7.365659,0.35819662,0,0.13706411,0,3.6771827,0.9580422,0.37992948,4.634029
626,50,27,0,1.824253,4.564227,0.35819662,0,0,0,3.2807236,0.96068114,0.37992948,2.0893526
627,51,27,0,1.824253,2.8117633,0.35819662,0,0,0,3.0722344,0.96138304,0.37992948,0.5446763
628,52,27,0,1.824253,1.7150117,0.35819662,0.5346549,0,0,3.0570831,0.9591137,0.37992948,0
629,53,27,0,1.824253,0.808,0.35819662,1.6509912,0,0,3.1063557,0.96763533,0.53146005,0
630,54,27,0,1.824253,0.808,0.28537834,3.7673275,0,0,3.8368194,0.95391273,1.8582373,0
631,55,27,0.20654915,1.824253,0.808,0.31063062,4.8836637,0,0,4.5606956,1.1042012,2.3322103,0
632,56,27,0.6759978,1.824253,0.808,0.2961406,5,0,0,5.1906137,0.9476091,2.4301794,0
633,57,27,1.3161296,1.824253,0.808,0.2912518,5,0,0,5.633646,1.0156567,2.5543423,0
634,58,27,2.5365534,1.824253,0.808,0.3160169,5,0.4638791,0.27879217,6.0788536,0.9963953,3.5586715,0
635,59,27,4.195949,1.824253,0.808,0.35819662,4.447029,0.69581866,1.0214634,6.3893523,0.9406379,3.9418032,0
636,60,27,7.874962,1.824253,0.808,0.33304325,2.8940582,0.4638791,2.3845725,7.066269,1.0909902,3.6203742,0
637,61,27,11.0433445,1.824253,0.808,0.26117364,1.1296234,0,3.1796322,6.945193,1.4630775,3.4425018,0
638,62,27,11.807779,1.824253,0.808,0.35819662,0.3651886,0,3.1608126,6.456562,1.9835542,3.5264988,0
639,63,27,11.572214,1.824253,0.808,0.26117364,0.6007537,0,3.028114,6.332769,1.970637,3.6988847,0
640,64,27,5.6436424,1.824253,0.808,0.32189763,1.8363189,0.4638791,2.2094364,5.796774,0.999382,1.8564086,0
641,65,27,2.7855558,1.824253,0.808,0.2811114,3.847194,0.57072145,1.0553938,5.4846916,1.0678116,2.4729488,0
642,66,27,0.8099024,1.824253,0.808,0.3295748,4.858069,0.21368471,0.29575738,5.2475595,1.001013,2.2631638,0
643,67,27,0.013201718,1.824253,0.808,0.3319056,4.868944,0.11427254,0,5.7975335,0.99347705,1.1335769,0
644,68,27,0,1.824253,1.8472676,0.35819662,3.879819,0.47873947,0,5.643391,1.0056947,1.7032006,0
645,69,27,0,1.824253,2.204503,0.35819662,1.890694,1.5427907,0,4.9012895,1.0026929,1.8804657,0
646,70,27,0,1.824253,1.5862854,0.35819662,0.445347,2.3595002,0,4.0617056,0.94024324,1.4223926,0.11325111
647,71,27,0,1.824253,2.291442,0.35819662,0,2.3623304,0,3.675629,1.0664413,0.8316599,1.2265022
648,72,27,0,1.824253,4.1451735,0.2947243,0,2.1941345,0,3.5428643,1.0957229,0.44395494,3.3397534
649,73,28,0,1.8527508,6.347283,0.26117364,0,0,0,3.6474543,1.3978337,0.37992948,3
650,74,28,0,1.8527508,3.988123,0.26117364,0,0,0,3.2740443,1.4120839,0.37992948,1
651,75,28,0,1.8527508,2.7293704,0.27367538,0,0,0,3.0961459,1.3437314,0.37992948,0
652,76,28,0,1.8527508,2.3150368,0.26117364,0.53813106,0,0,3.125369,1.4258041,0.37992948,0
653,77,28,0,1.8527508,0.808,0.26117364,2.0762622,0,0,3.1642425,1.418025,0.37992948,0
654,78,28,0,1.8527508,0.808,0.26117364,2.695021,0,0,3.8095157,1.3915106,0.37992948,0
655,79,28,0.009689852,1.8527508,0.808,0.26117364,4.31378,0,0,4.5734286,1.4620296,1.1739459,0
656,80,28,1.1982872,1.8527508,0.808,0.26117364,5,0,0,5.2990146,1.4814444,2.303763,0
657,81,28,3.3731322,1.8527508,0.808,0.26117364,5,0,0.31170258,5.814831,1.404038,3.7284958,0
658,82,28,5.44304,1.8527508,0.808,0.26117364,4.9947634,0,1.1061304,6.311313,1.3985642,4.5077305,0
659,83,28,7.5034122,1.8527508,0.808,0.26117364,3.9895263,0,2.0144372,6.5806975,1.6412563,4.1424823,0
660,84,28,9.981806,1.8527508,0.808,0.26117364,2.1191616,0,2.6928596,7.102808,1.519161,3.6720734,0
661,85,28,10.895673,1.8527508,0.808,0.32078475,1.248797,0,2.557403,6.9365816,2.1071138,3.4889174,0
662,86,28,10.326992,1.8527508,0.808,0.26117364,1.3784324,0,2.3080673,6.370074,2.337809,3.5754094,0
663,87,28,7.265692,1.8527508,0.808,0.26117364,2.5080676,0,1.6535637,6.1243534,1.1288621,3.7529156,0
664,88,28,5.811685,1.8527508,0.808,0.26117364,2.637703,0,0.6417262,5.821762,1.2643772,3.607457,0
665,89,28,3.9506416,1.8527508,0.808,0.26117364,3.1895137,0,0.042157434,5.47583,1.0613141,3.4467888,0
666,90,28,0.58334166,1.8527508,0.808,0.26117364,3.3536346,0,0,5.11826,1.0707674,0.6338834,0
667,91,28,0,1.8527508,1.6991224,0.3233099,3.56909,0.582407,0,5.81592,0.9742496,1.2005206,0
668,92,28,0,1.8527508,2.171316,0.30220944,2.784545,1.4941573,0,5.7219048,1.0600193,1.7870643,0
669,93,28,0,1.8527508,2.35398,0.3132378,1,2.5232668,0,4.953452,1.0841984,1.9695954,0
670,94,28,0,1.8527508,2.0253866,0.2666169,0,2.7384973,0,4.1730924,1.176254,1.497915,0
671,95,28,0,1.8527508,1.4466609,0.3045262,0,2.1398487,0,3.695571,1.1225905,0.8896354,0
672,96,28,0,1.8527508,2.3596797,0.29189062,0,0.72732085,0,3.4780862,1.167855,0.49041355,0.05929771
673,1,29,0,1.8527508,6.25547,0.26117364,0,0,0,3.6410275,1.3124479,0.37992948,3
674,2,29,0,1.8527508,4.2165837,0.26117364,0,0,0,3.2900367,1.3186795,0.6858022,1
675,3,29,0,1.8527508,3.7936974,0.26117364,0.12034211,0,0,3.1790729,1.3262316,1.4866698,0
676,4,29,0,1.8527508,1.7548112,0.2875019,1.2406843,0,0,3.135332,1.3308789,0.6335477,0
677,5,29,0,1.8527508,0.808,0.26117364,3.3610263,0,0,3.2541761,1.3010998,1.6916854,0
678,6,29,0,1.8527508,0.808,0.26117364,4.4813685,0,0,3.93456,1.2990773,2.1336658,0
679,7,29,0.0009159071,1.8527508,0.808,0.26117364,5,0,0,4.6208496,1.2818103,1.9841902,0
680,8,29,0.10479062,1.8527508,0.808,0.26117364,5,0,0,5.22247,1.2959981,1.4722571,0
681,9,29,0.25747177,1.8527508,1.616,0.26117364,5,0,0,5.6532946,1.3068204,1.9912918,0
682,10,29,1.0610951,1.8527508,0.808,0.2628112,5,0,0,6.0049434,1.2441044,1.6996198,0
683,11,29,3.4509444,1.8527508,1.616,0.26117364,4.5893874,0,0.17851312,6.395575,1.2200664,3.9401119,0
684,12,29,6.459517,1.8527508,0.808,0.297159,3.1787746,0,0.9007477,6.9304204,1.1452583,3.583785,0
685,13,29,10.510388,1.8527508,0.808,0.26117364,1.634081,0,2.04917,6.9365816,2.4284382,3.4096522,0.20656243
686,14,29,10.561314,1.8527508,0.808,0.26117364,1.0893873,0,2.3837132,6.3662434,2.294796,3.491883,0
687,15,29,9.521028,1.8527508,0.808,0.26117364,1.5446937,0,2.134084,6.214791,1.6990975,3.6606448,0.24303894
688,16,29,5.8331203,1.8527508,0.808,0.26117364,3,0,1.0705755,5.8486233,1.277504,3.5223522,0
689,17,29,0.9936494,1.8527508,0.808,0.2682388,4.5,0,0.22403578,5.3605742,1.1668048,1.6352346,0
690,18,29,0.022346837,1.8527508,0.808,0.31068572,5,0,0,5.1942363,1.0581647,1.7053928,0
691,19,29,0,1.8527508,1.4320257,0.29034302,4.5,0,0,5.862387,1.090544,1.0861988,0
692,20,29,0,1.8527508,3.1137848,0.31260896,3,0.27792117,0,5.8029594,1.0742689,1.6438472,0
693,21,29,0,1.8527508,3.4668236,0.2769344,1,1.3125486,0,5.031351,1.0243306,1.8173859,0
694,22,29,0,1.8527508,3.127681,0.29233027,0,1.5332971,0,4.250253,1.1508734,1.3689426,0
695,23,29,0,1.8527508,1.9313993,0.29267052,0,1.6401662,0,3.7295027,1.1608657,0.7906289,0
696,24,29,0,1.8527508,1.8279663,0.28059915,0,1.8609145,0,3.4408662,1.215507,0.41107458,0.71879333
697,25,30,0,1.8527508,6.2375264,0.28894943,0,0,0,3.6397715,1.3235363,0.37992948,3
698,26,30,0,1.8527508,3.8773508,0.2755023,0,0,0,3.2662902,1.3233942,0.37992948,1
699,27,30,0,1.8527508,2.673423,0.32585675,0,0,0,3.0922296,1.3438817,0.37992948,0
700,28,30,0,1.8527508,1.9861842,0.26117364,0.80289984,0,0,3.1208832,1.3662063,0.37992948,0
701,29,30,0,1.8527508,0.808,0.26117364,2.6057997,0,0,3.2013102,1.3728088,0.9176155,0
702,30,30,0,1.8527508,0.808,0.26117364,4.2021246,0,0,3.9150128,1.4244795,1.7485669,0
703,31,30,0,1.8527508,0.808,0.26117364,4.7984495,0,0,4.6066775,1.4103413,1.6673653,0
704,32,30,3.4113455,1.8527508,0.808,0.26117364,4.3947744,0,0.23900655,5.411563,1.7824682,3.2590168,0
705,33,30,5.0173445,1.8527508,0.808,0.26117364,4.197387,0,0.12801309,5.8737426,1.8166004,4.28231,0
706,34,30,1.7284669,1.8527508,0.808,0.26117364,5,0,0.13396452,6.0516596,1.3289587,2.0998192,0
707,35,30,3.5201464,1.8527508,0.808,0.26117364,5,0,0.48991594,6.372602,1.3625796,3.1809835,0
708,36,30,6.8568716,1.8527508,0.808,0.26117364,4.5,0,1.1958674,7.050721,2.2490096,3.6760736,0.071134776
709,37,30,5.280533,1.8527508,0.808,0.26117364,5,0,1.5518188,6.806106,1.3160337,3.492509,0
710,38,30,3.8323088,1.8527508,0.808,0.29364052,4.6518884,0,1.5577703,6.1445875,1.125231,2.57501,0
711,39,30,7.352497,1.8527508,0.808,0.26117364,3.3037772,0,1.5262161,6.186129,1.4719814,3.7570965,0.60078585
712,40,30,7.567517,1.8527508,0.808,0.26117364,2.9556658,0,1.1446621,5.9669275,1.8858213,3.611313,0.8003929
713,41,30,3.5606902,1.8527508,0.808,0.29012948,3.6075544,0,0.4131081,5.4777966,1.1752961,3.016935,0
714,42,30,0.19975878,1.8527508,0.808,0.298749,4.803777,0,0.03155405,5.1929193,1.1388352,1.5637374,0
715,43,30,0,1.8527508,1.1851249,0.2827447,5,0,0,5.880104,1.1988263,1.2057006,0
716,44,30,0,1.8527508,2.3122797,0.26117364,4.234191,0.33013073,0,5.8332477,1.3277353,1.7935531,0
717,45,30,0,1.8527508,2.6944253,0.2793932,2.4683821,1.0102614,0,5.08007,1.2126614,1.9764919,0
718,46,30,0,1.8527508,2.8350344,0.26117364,0.73419106,1.3403921,0,4.2811613,1.2026322,1.5037587,0
719,47,30,0,1.8527508,1.768017,0.28334272,0,1.9410815,0,3.718066,1.1970153,0.8941212,0
720,48,30,0,1.8527508,0.808,0.27493745,0,2.1917708,0,3.3694687,1.2279924,0.49400836,0
721,49,31,0,1.7215564,3.2436094,0.26117364,0,0,0,3.4364088,1.3740118,0.37992948,0
722,50,31,0,1.7215564,2.950189,0.26117364,0,0,0,3.201405,1.315595,0.37992948,0
723,51,31,0,1.7215564,2.6380684,0.26117364,0.34460697,0,0,3.112651,1.4368352,0.37992948,0
724,52,31,0,1.7215564,1.3507441,0.26117364,1.6892139,0,0,3.1367543,1.4700147,0.37992948,0
725,53,31,0,1.7215564,0.808,0.26117364,2.3067708,0,0,3.178481,1.5031008,0.37992948,0
726,54,31,0,1.7215564,0.808,0.26117364,3.9243279,0,0,3.9119413,1.4746088,1.2925179,0
727,55,31,0,1.7215564,0.808,0.26117364,4.962164,0,0,4.6674566,1.4668163,1.5826311,0
728,56,31,1.2069691,1.7215564,0.808,0.26117364,5,0,0.31891036,5.4263244,1.4013085,1.815166,0
729,57,31,4.7342396,1.7215564,0.808,0.26117364,4.9532504,0,0.98782074,6.0106835,1.5193509,3.9243753,0
730,58,31,7.24493,1.7215564,0.808,0.26117364,3.906501,0,1.6114266,6.439686,1.6840485,4.17101,0
731,59,31,9.519682,1.7215564,0.808,0.26117364,2.3593357,0,2.3489118,6.6488757,1.700761,3.935209,0
732,60,31,10.463494,1.7215564,0.808,0.26117364,1.81217,0,2.5578804,7.1387115,1.709722,3.6240907,0
733,61,31,10.547922,1.7215564,0.808,0.26117364,1.7277421,0,2.5870185,7.0194106,1.8490683,3.5749078,0
734,62,31,10.096856,1.7215564,0.808,0.26117364,1.7923878,0,2.377679,6.4723897,2.132692,3.6612244,0
735,63,31,8.20891,1.7215564,0.808,0.26117364,1.8414233,0,1.3544605,6.2385564,1.4550616,3.7569954,0
736,64,31,5.3212705,1.7215564,0.808,0.26117364,2.8904586,0,0.35,5.928018,1.0779874,3.6104646,0
737,65,31,1.5833231,1.7215564,0.808,0.28016734,4.4452295,0,0,5.566833,1.1171427,2.1183107,0
738,66,31,0.015064281,1.7215564,0.808,0.30989376,5,0,0,5.3911986,1.0917095,1.3356168,0
739,67,31,0,1.7215564,1.4722186,0.29621843,5,0.35,0,6.1038775,1.0986376,1.6014886,0
740,68,31,0,1.7215564,1.5338964,0.3095798,4.4927936,1.1174078,0,5.96168,1.1177187,2.0598462,0
741,69,31,0,1.7215564,1.6646538,0.28365833,2.9855876,1.7878268,0,5.1390276,1.2211376,2.0471277,0
742,70,31,0,1.7215564,1.3620784,0.2728166,0.99279374,2.572125,0,4.2538905,1.200016,1.431474,0
743,71,31,0,1.7215564,0.9674929,0.2687259,0,2.9164395,0,3.7077944,1.2998898,0.830541,0
744,72,31,0,1.7215564,0.808,0.26447448,0,2.4468749,0,3.4107542,1.3167075,0.47745442,0
745,73,32,0,1.7215564,3.288313,0.26117364,0,0,0,3.439538,1.415586,0.37992948,0
746,74,32,0,1.7215564,3.6641564,0.26117364,0.069272354,0,0,3.2562318,1.4286611,0.9952764,0
747,75,32,0,1.7215564,2.424,0.26117364,1.1385447,0,0,3.1532419,1.4485348,0.9075084,0
748,76,32,0,1.7215564,0.808,0.26117364,3.207817,0,0,3.2050645,1.4498161,1.307677,0
749,77,32,0,1.7215564,0.808,0.26117364,4.2770896,0,0,3.3164034,1.4936095,2.221817,0
750,78,32,0,1.7215564,0.808,0.26117364,5,0,0,3.9872384,1.6597668,2.1077352,0
751,79,32,0,1.7215564,0.808,0.26117364,5,0,0,4.6701055,1.7584659,1.3261691,0
752,80,32,0.6124128,1.7215564,1.8568302,0.26117364,5,0,0,5.4581237,1.7377452,2.2201147,0
753,81,32,1.0097127,1.7215564,2.1404152,0.26117364,5,0,0,5.846508,1.7698375,2.4805224,0
754,82,32,2.045549,1.7215564,0.808,0.26117364,5,0,0,6.1522746,1.7429423,1.9050727,0
755,83,32,2.3795724,1.7215564,0.808,0.26117364,5,0,0,6.333915,1.526555,2.2738428,0
756,84,32,3.3272364,1.7215564,0.808,0.26117364,5,0,0,6.862321,1.4540607,2.765595,0
757,85,32,5.2990475,1.7215564,0.808,0.26117364,4.6674147,0,0.35,6.857766,1.8611898,3.6522465,0
758,86,32,5.735626,1.7215564,0.808,0.26117364,4.3337073,0,0.35,6.344996,2.3932142,3.7358646,0
759,87,32,3.3375385,1.7215564,0.808,0.26117364,5,0,0,6.118661,1.749698,3.2239203,0
760,88,32,0.7966825,1.7215564,0.808,0.26117364,5,0,0,5.7589645,1.6519717,1.1404865,0
761,89,32,0.10080099,1.7215564,2.3291285,0.26117364,5,0,0,5.6083694,1.5656691,2.2026315,0
762,90,32,0,1.7215564,2.2342572,0.26117364,5,0,0,5.489982,1.5351443,2.1558712,0
763,91,32,0,1.7215564,3.7553856,0.26117364,5,0,0,6.2636995,1.5875878,2.850839,0
764,92,32,0,1.7215564,3.660514,0.26117364,4,0,0,6.0760474,1.4516596,2.0795476,0
765,93,32,0,1.7215564,5.181643,0.26117364,2,0,0,5.316226,1.5202062,2.291951,0
766,94,32,0,1.7215564,5.673772,0.26117364,0.5,0,0,4.5212135,1.8159752,1.7833235,0
767,95,32,0,1.7215564,5.4715056,0.26117364,0,0.30566666,0,4.023075,1.5443987,2.1564388,0
768,96,32,0,1.7215564,6.885239,0.26117364,0,0.26133335,0,3.836161,1.5740709,3.6830812,0
769,1,33,0,1.7215564,6.1165338,0.26117364,0,0.38366002,0,3.6375134,1.8146888,2.9947321,0
770,2,33,0,1.7215564,3.4836059,0.26117364,0,0.016830012,0,3.2387443,1.8285028,0.37992948,0
771,3,33,0,1.7215564,2.4302986,0.26117364,1,0,0,3.1439846,1.8531247,0.37992948,0
772,4,33,0,1.7215564,2.0435812,0.26117364,3,0,0,3.277008,1.8693713,1.8439424,0
773,5,33,0,1.7215564,0.9834657,0.26117364,4.5,0,0,3.3442898,1.8703597,2.2155569,0
774,6,33,0,1.7215564,0.808,0.26117364,5,0,0,3.9872384,2.352406,1.4150958,0
775,7,33,0,1.7215564,0.808,0.26117364,5,0,0,4.6701055,2.085061,0.9995737,0
776,8,33,0.23914488,1.7215564,1.616,0.26117364,5,0,0,5.415137,2.1780157,1.2087327,0
777,9,33,3.485468,1.7215564,0.808,0.26117364,5,0,0,5.9265423,2.0159206,3.2977457,0
778,10,33,4.673748,1.7215564,0.808,0.26117364,5,0,0,6.3362484,1.998443,4.093797,0
779,11,33,5.4968495,1.7215564,0.808,0.26117364,5,0,0.21295476,6.5521245,2.2030125,4.283499,0
780,12,33,5.9139366,1.7215564,0.808,0.26117364,4.5784645,0,0.2814774,7.013883,2.143087,3.8086946,0
781,13,33,4.373051,1.7215564,0.808,0.26117364,5,0,0,6.8162274,1.7912073,3.5203574,0
782,14,33,2.8621027,1.7215564,1.7641308,0.26117364,5,0,0,6.2574186,2.1227303,3.1928256,0
783,15,33,1.3213745,1.7215564,1.1042616,0.26117364,5,0,0,5.9982677,1.9114101,1.4626992,0
784,16,33,0.83807045,1.7215564,0.808,0.26117364,5,0,0,5.761862,1.7408057,1.0901434,0
785,17,33,0.26087037,1.7215564,2.1277385,0.26117364,5,0,0,5.605477,1.7708371,1.9590352,0
786,18,33,0,1.7215564,1.8314767,0.26117364,5,0,0,5.461787,1.7818332,1.5345967,0
787,19,33,0,1.7215564,3.151215,0.26117364,4.5,0,0,6.1864076,2.0262885,1.3852594,0
788,20,33,0,1.7215564,6.026215,0.26117364,3,0,0,6.1716466,1.9322846,2.8690245,0
789,21,33,0,1.7215564,7.285215,0.26117364,1,0,0,5.393476,1.8337528,3.0047266,0
790,22,33,0,1.7215564,6.928215,0.26117364,0,0,0,4.5740247,1.9162064,2.3847246,0
791,23,33,0,1.7215564,4.955215,0.26117364,0,0,0,3.986935,1.824645,1.0903757,0
792,24,33,0,1.7215564,4.225651,0.26117364,0,0,0,3.6499896,1.8723377,0.65006393,0
793,25,34,0,1.7807329,6.8736653,0.26117364,0,0,0,3.684782,2.2093616,2.9854393,0
794,26,34,0,1.7807329,4.293332,0.26117364,0,0,0,3.3303277,2.2400422,0.7288785,0
795,27,34,0,1.7807329,3.3289983,0.26117364,0.5,0,0,3.1762795,2.278706,0.37992948,0
796,28,34,0,1.7807329,2.424,0.26117364,2,0,0,3.1937249,2.3119264,0.92426544,0
797,29,34,0,1.7807329,0.808,0.26117364,4,0,0,3.2428484,2.3492923,1.2217762,0
798,30,34,0,1.7807329,0.808,0.26117364,5,0,0,3.8662274,2.6713185,1.276371,0
799,31,34,0,1.7807329,0.808,0.26117364,5,0,0,4.5397844,2.569991,0.70414174,0
800,32,34,0.019686397,1.7807329,2.399701,0.26117364,5,0,0,5.2790637,2.5809045,1.5653362,0
801,33,34,0.81053615,1.7807329,2.3754022,0.26117364,5,0,0,5.588938,2.3994622,2.203455,0
802,34,34,2.109225,1.7807329,2.399701,0.26117364,5,0,0,5.942578,2.5600681,3.0121973,0
803,35,34,4.726976,1.7807329,0.808,0.26117364,5,0,0,6.204022,2.2749138,4.0619564,0
804,36,34,5.9848933,1.7807329,0.808,0.26117364,4.5662847,0,0,6.9112053,2.661273,3.7926166,0
805,37,34,5.3750954,1.7807329,0.808,0.26117364,4.597144,0,0,6.6994133,2.481453,3.6052907,0
806,38,34,4.236851,1.7807329,0.808,0.26117364,5,0,0,6.0536823,2.3103924,3.6866934,0
807,39,34,2.5841475,1.7807329,0.808,0.26117364,5,0,0,5.7350893,2.2244868,2.4384878,0
808,40,34,1.6385041,1.7807329,0.808,0.26117364,5,0,0,5.585183,2.4014797,1.4657583,0
809,41,34,0.65695846,1.7807329,2.3668149,0.26117364,5,0,0,5.6286254,2.1891727,2.2118921,0
810,42,34,0,1.7807329,2.30963,0.26117364,5,0,0,5.612117,2.2743936,1.4290361,0
811,43,34,0,1.7807329,3.8684447,0.26117364,4,0,0,6.1580076,2.3519788,1.3643751,0
812,44,34,0,1.7807329,6.1349254,0.26117364,2,0,0,5.9594307,2.186635,1.9947767,0
813,45,34,0,1.7807329,7.0723863,0.26117364,0.5,0,0,5.1103425,2.229681,2.2382793,0
814,46,34,0,1.7807329,6.393847,0.26117364,0,0,0,4.3212256,2.372137,1.7064011,0
815,47,34,0,1.7807329,6.36207,0.26117364,0,0,0,4.003172,2.282084,2.0827317,0
816,48,34,0,1.7807329,7.946294,0.26117364,0,0,0,4.0050926,2.31181,3.6353083,0
817,49,35,0,1.7807329,4.726938,0.26117364,0,0,0,3.534511,2.1464891,1.0518546,0
818,50,35,0,1.7807329,4.929917,0.26117364,0,0,0,3.374889,2.1627283,1.3982167,0
819,51,35,0,1.7807329,3.5168965,0.26117364,0.2,0,0,3.1684325,2.1744514,0.37992948,0
820,52,35,0,1.7807329,3.2355692,0.26117364,1.4,0,0,3.2085347,2.1822324,1.2507191,0
821,53,35,0,1.7807329,1.3382419,0.26117364,3.6,0,0,3.2519653,2.2083602,1.4838336,0
822,54,35,0,1.7807329,1.0569147,0.26117364,4.8,0,0,3.8696513,2.6933656,1.299815,0
823,55,35,0,1.7807329,2.3915875,0.26117364,5,0,0,4.6506352,2.3502817,2.3965874,0
824,56,35,0,1.7807329,2.9883754,0.26117364,5,0,0,5.318893,2.7640896,1.9113097,0
825,57,35,0.45472288,1.7807329,1.9691634,0.26117364,5,0,0,5.535595,2.4534636,1.4407451,0
826,58,35,2.9356546,1.7807329,0.808,0.26117364,5,0,0,5.8890085,2.0320387,2.8285244,0
827,59,35,5.264836,1.7807329,0.808,0.26117364,5,0,0,6.241672,2.4611826,4.3758974,0
828,60,35,3.1090333,1.7807329,1.9567974,0.26117364,5,0,0,6.820671,2.0195098,3.231567,0
829,61,35,2.077164,1.7807329,1.4895947,0.26117364,5,0,0,6.5444694,1.8652991,2.1629074,0
830,62,35,2.612896,1.7807329,0.93181336,0.26117364,5,0,0,5.948673,2.097876,2.504078,0
831,63,35,2.7639456,1.7807329,1.990032,0.26117364,5,0,0,5.8304176,1.9520074,3.9774692,0
832,64,35,1.3778569,1.7807329,1.4322505,0.26117364,5,0,0,5.6106353,2.2571135,1.9482756,0
833,65,35,0.4263625,1.7807329,1.9461596,0.26117364,5,0,0,5.5830374,2.0747461,1.7206552,0
834,66,35,0,1.7807329,4.076069,0.26117364,4.8,0,0,5.721768,1.9478394,3.2123785,0
835,67,35,0,1.7807329,4.5899777,0.26117364,3.6,0,0,6.180515,2.16916,1.84622,0
836,68,35,0,1.7807329,6.7198873,0.26117364,1.4,0,0,5.958378,1.9335061,2.23392,0
837,69,35,0,1.7807329,7.233796,0.26117364,0.2,0,0,5.1006413,1.9601253,2.3789465,0
838,70,35,0,1.7807329,6.1317053,0.26117364,0,0,0,4.3028755,1.9827214,1.852025,0
839,71,35,0,1.7807329,6.1517897,0.26117364,0,0,0,3.988452,2.0605793,2.1086755,0
840,72,35,0,1.7807329,7.787874,0.26117364,0,0,0,3.9940033,2.076447,3.7233415,0
841,73,36,0,1.7807329,8.08,0.26117364,0,0,0,3.7692256,2.5084767,2.8082147,1
842,74,36,0,1.7807329,5.5137296,0.26117364,0,0,0,3.4157557,2.5090098,1.5948803,0
843,75,36,0,1.7807329,4.563459,0.26117364,0,0,0,3.227692,2.5094738,0.83220994,0
844,76,36,0,1.7807329,4.085864,0.26117364,1,0,0,3.2400553,2.510252,1.3414736,0
845,77,36,0,1.7807329,1.9922688,0.26117364,3,0,0,3.2557473,2.5094624,1.2329762,0
846,78,36,0,1.7807329,0.808,0.26117364,4.5,0,0,3.8312273,2.5717974,0.9108922,0
847,79,36,0,1.7807329,1.2397312,0.26117364,5,0,0,4.5700054,2.598022,1.0776207,0
848,80,36,0,1.7807329,3.2874625,0.26117364,5,0,0,5.339829,2.5774412,2.3761094,0
849,81,36,0.55829006,1.7807329,3.7191937,0.26117364,5,0,0,5.665346,2.5042176,3.1138368,0
850,82,36,2.610398,1.7807329,2.5349247,0.26117364,5,0,0,5.9871254,2.5159922,3.6481223,0
851,83,36,3.1078033,1.7807329,1.2782717,0.26117364,5,0,0,6.123599,2.5961332,2.6722593,0
852,84,36,1.3754236,1.7807329,1.6376187,0.26117364,5,0,0,6.6769757,2.566338,0.7756455,0
853,85,36,0.8312923,1.7807329,3.6129656,0.26117364,5,0,0,6.605894,2.598937,2.2453434,0
854,86,36,1.0512986,1.7807329,3.9723125,0.26117364,5,0,0,6.0521955,2.5920568,3.3852756,0
855,87,36,1.4050041,1.7807329,2.7156594,0.26117364,5,0,0,5.786086,2.6347675,2.705727,0
856,88,36,1.0164207,1.7807329,3.0750062,0.26117364,5,0,0,5.700328,2.6507025,2.7463136,0
857,89,36,0.26110843,1.7807329,3.4093952,0.26117364,5,0,0,5.6738963,2.6159859,2.3865383,0
858,90,36,0,1.7807329,5.359784,0.26117364,4.5,0,0,5.790628,2.6409297,3.4341438,0
859,91,36,0,1.7807329,5.6941733,0.26117364,3,0,0,6.2158084,2.6971426,1.7871389,0
860,92,36,0,1.7807329,7.6445622,0.26117364,1,0,0,5.9951053,2.6671267,1.9882474,0
861,93,36,0,1.7807329,7.9789515,0.26117364,0,0,0,5.138802,2.6433616,2.2027047,0
862,94,36,0,1.7807329,8.08,0.26117364,0,0,0,4.439256,2.6306286,3.016032,0
863,95,36,0,1.7807329,7.272,0.26117364,0,0,0,4.066867,2.6014256,1.6096244,1
864,96,36,0,1.7807329,8.08,0.26117364,0,0,0,4.014452,2.5327873,0.6304904,2.9081872