Electricity-supply-from-grid,Electricity-supply-photovoltaics,Electricity-supply-batteries-discharge,Electricity-demand-base,Electricity-demand-batteries-charge,Electricity-demand-heat-pumps,Electricity-demand-electro-mobility
5.1589417,0,0,2.0198603,0,0.89057636,2.248505
4.8995266,0,0,1.8639591,0,0.77777994,2.2577877
4.9174724,0,0,1.7389185,0,0.8407178,2.3378358
4.809967,0,0,1.7170521,0,0.91737735,2.1755376
4.6535115,0,0,1.7284101,0,0.8300696,2.0950317
4.8308525,0,0,2.0992513,0,1.0888183,1.6427829
4.6874647,0,0,2.5905156,0,0.9380317,1.1589172
4.467384,0,0,3.049443,0,1.0636376,0.35430348
4.5223713,0.8992134,0,3.3022647,0,0.94029474,1.1790253
4.4045253,1.6041834,0,3.5253649,0,1.0193266,1.4640174
4.3082547,3.9221582,0,3.8474112,0,1.1512388,3.2317631
3.6052043,5.4756484,0,4.6967645,0,0.74617153,3.6379166
2.9505064,6.104732,0,4.5148416,0,1.0854223,3.4549747
2.2933395,6.076191,0,3.9591699,0,0.8758881,3.5344725
4.4465895,3.609017,0,3.611543,0,1.1749048,3.2691588
4.508313,1.4186699,0,3.3588095,0,0.6776844,1.8904891
4.364924,0.37651026,0,3.3932116,0,0.7412862,0.60693634
4.9240246,0,0,3.5268347,0,0.7788355,0.6183542
5.9662004,0,0,4.02439,0,0.74551535,1.1962945
6.389057,0,0,3.7916386,0,0.78547543,1.8119433
5.9522676,0,0,3.0872164,0,0.8511709,2.0138803
4.9360003,0,0,2.527573,0,0.87811065,1.5303165
4.7367306,0,0,2.2649987,0,0.8831429,1.5885892
4.9529977,0,0,2.2313542,0,0.9170753,1.8045682
5.0986795,0,0,2.0198603,0,1.0466013,2.032218
5.1016946,0,0,1.8639591,0,1.0521927,2.185543
5.1210065,0,0,1.7389185,0,1.0650332,2.3170545
5.0188203,0,0,1.7170521,0,1.104075,2.1976929
4.9436355,0,0,1.7284101,0,1.1024362,2.1127892
4.864066,0,0.42188567,2.0992513,0,1.1234909,2.0632095
4.652172,0,0,2.5905156,0,1.1412735,0.92038286
5.1059456,0,0,3.049443,0,1.1506158,0.9058869
5.4518714,0.04491356,0.15466742,3.2424638,0,1.0983547,1.3106339
5.5670023,0.6912302,0,3.4614582,0,1.1443799,1.6523945
4.262714,2.2273138,0,3.728772,0,1.08619,1.6750659
4.223092,3.511657,0,4.559285,0,1.019771,2.155693
3.8444884,4.2220025,0,4.3830504,0,0.99691314,2.6865273
1.122218,7.3108096,0,4.0455933,0,1.0296634,3.3577707
0,11.23604,0,4.1454344,2.058856,1.2080959,3.823654
0,8.709579,0.06262539,3.869173,0,1.2134311,3.6896002
1.4109185,2.8073754,0.748274,3.5633721,0,0.88651085,0.5166849
5.198455,0,0,3.5268347,0,0.9522874,0.7193328
7.120181,0,0,4.02439,0,0.853001,2.2427897
6.7867465,0,0,3.7916386,0,1.0169787,1.9781293
6.2043324,0,0.003821619,3.0872164,0,0.9298395,2.1910982
4.9257216,0,0.096249424,2.527573,0,0.8132814,1.6811166
4.962835,0,0,2.2649987,0,1.1132841,1.5845519
6.4530764,0,0,2.2313542,0,0.89881766,3.3229046
5.1556373,0,0,2.0198603,0,0.74745315,2.388324
5.158748,0,0,1.8639591,0,0.76273924,2.5320497
4.862049,0,0,1.7389185,0,0.7842209,2.3389096
4.987789,0,0,1.7170521,0,1.094433,2.1763043
4.9195933,0,0,1.7284101,0,1.0955366,2.0956464
4.900623,0,0,2.0992513,0,0.7528254,2.0485463
4.711717,0,0,2.5905156,0,0.80280364,1.3183979
4.4984946,0,0,3.049443,0,1.1790603,0.2699914
4.751012,0.5356462,0,3.276815,0,0.8262623,1.1835805
4.314262,1.8428627,0,3.5420725,0,1.1459409,1.4691113
4.379596,3.0128071,0,3.7837565,0,0.71418464,2.894462
3.5459702,4.8924575,0,4.655941,0,0.7373443,3.0451422
1.6134628,7.052972,0,4.5812182,0,0.7256283,3.3595881
0.26939884,6.427143,0,3.9837365,0,0.758732,1.9540731
0,8.295108,0,3.9395692,0,0.9956197,3.3599188
0.3634894,7.728463,0,3.8004951,0,0.7449819,3.5464756
2.76863,1.8143294,0,3.4938588,0,0.65976506,0.42933542
5.4323354,0.014366159,0,3.5278404,0,0.6289611,1.2899001
6.647119,0,0,4.02439,0,0.6503145,1.9724143
6.389758,0,0,3.7916386,0,0.780424,1.8176957
6.378026,0,0,3.0872164,0,0.789132,2.5016775
4.9143057,0,0,2.527573,0,0.8511966,1.5355358
4.1619406,0,0,2.2649987,0,0.7313348,1.165607
3.459231,0,0,2.2313542,0,0.74034524,0.48753136
3.2478747,0,0,2.0153708,0,0.96251255,0.2699914
4.1719937,0,0,1.860217,0,0.981828,1.329949
5.101926,0,0,1.7333751,0,1.00107,2.3674808
4.9205785,0,0,1.7086108,0,1.0152582,2.1967094
4.6819534,0,0,1.7197495,0,1.0628914,1.8993124
5.367119,0,0,2.0878751,0,1.2167085,2.0625353
4.8533115,0,0,2.5509863,0,1.2214113,1.0809139
4.3689203,0.10935594,0,2.9973772,0,1.2109078,0.2699914
4.652057,2.0131526,0,3.322447,0,1.1798396,2.1629233
5.85755,2.8006482,0,3.5554922,0,1.1903496,3.9123564
5.7042603,3.5163245,0,3.7676575,0,1.2336612,4.219266
4.7583,4.3247604,0,4.530705,0,1.0327517,3.5196037
2.569704,5.069479,0,4.42193,0,0.9266118,2.2906413
0.94306666,7.32637,0,4.023341,0,0.8345394,3.4115562
0,11.220626,0,4.125764,1.9314739,1.3444569,3.8189313
0,8.601569,0,3.841951,0,1.0744326,3.685186
2.3037,3.3097794,0,3.5762093,0,0.7728926,1.2643775
4.064922,0.7534028,0.2680465,3.5597398,0,0.8117813,0.71484995
5.581999,0,0.94348055,4.0087523,0,1.1937648,1.3229624
6.3544,0,0.18396279,3.7751749,0,0.79243636,1.9707515
6.0931454,0,0,3.060159,0,0.8497557,2.1832309
5.040446,0,0,2.501628,0,0.864396,1.6744218
4.169537,0,0,2.2448149,0,0.9022515,1.0224708
3.7391403,0,0,2.2192295,0,0.9461242,0.5737866
2.0120697,0,1.0840763,2.0153708,0,0.81078374,0.2699914
2.0253034,0,0.92622906,1.860217,0,0.821324,0.2699914
2.0179763,0,0.8136815,1.7333751,0,0.8282913,0.2699914
2.6631224,0,0.163048,1.7086108,0,0.8475683,0.2699914
2.8556247,0,0,1.7197495,0,0.86588377,0.2699914
3.1940453,0,0,2.0878751,0,0.83617884,0.2699914
3.5967803,0,0,2.5509863,0,0.7758026,0.2699914
4.2352967,0.18230551,0,3.0024836,0,1.1451274,0.2699914
5.235373,0.5004413,0,3.2165573,0,1.1893233,1.3299336
6.134244,1.1564766,0,3.4404001,0,1.0210512,2.8292692
5.0263877,2.263053,0,3.6799285,0,0.92598176,2.68353
0.974626,8.387717,0,4.8151116,0,0.84778714,3.699445
0,12.162994,0,4.9184756,2.439686,1.2943548,3.510477
0,10.8452,0,4.269659,1.6946181,1.2883292,3.5925934
0,8.927362,0,3.9652355,0,1.180713,3.7814136
1.0827656,7.3688593,0,3.755661,0,1.0458467,3.6501172
3.0032082,4.989416,0,3.693784,0,0.8180818,3.4807584
4.754359,0.35179058,0,3.531627,0,0.8952843,0.6792383
6.044508,0,0,4.0087523,0,0.7427995,1.292956
6.5446005,0,0,3.7751749,0,0.75994456,2.009481
6.5524483,0,0,3.060159,0,1.039166,2.4531236
7.0451136,0,0,2.501628,0,0.77621824,3.7672675
7.01593,0,0,2.2448149,0,0.7898888,3.9812267
6.5798707,0,0,2.2192295,0,0.81988335,3.5407577
3.0937016,0,0,2.0153708,0,0.8083394,0.2699914
2.7630823,0,0.20625988,1.860217,0,0.8391338,0.2699914
0.90771455,0,1.958291,1.7333751,0,0.86263907,0.2699914
0.5664116,0,2.2959404,1.7086108,0,0.88374996,0.2699914
1.3806411,0,3.3421433,1.7197495,0,0.9013866,2.101648
3.5050626,0,0,2.0878751,0,0.83383304,0.5833545
4.0600686,0,0,2.5509863,0,0.8082655,0.70081687
5.281686,0.21067442,0,3.0044694,0,0.81549907,1.6723918
5.1561284,2.0571914,0,3.3255298,0,0.9035603,2.9842298
3.5205643,5.18618,0,3.7224793,0,0.8165394,4.1677256
0,11.110849,0,4.2992744,1.3984085,1.2680414,4.1451254
0,15.63655,0,5.32253,5.799674,0.8384073,3.6759388
0,17.911938,0,5.320902,8.0102415,1.0915217,3.4892728
0,17.911688,0,4.9223537,8.019772,1.3991735,3.5703888
0,17.911688,0,4.6462946,8.019772,1.4887123,3.7569087
0,13.367849,0,4.1755905,5.158795,0.40625256,3.6272118
0.017806884,7.7989044,0,3.890448,0,0.46634698,3.459916
0.21988848,1.3841375,3.1500213,3.6038914,0,0.49417818,0.65597785
1.9007845,0,3.7575653,4.0087523,0,0.40391478,1.2456828
1.9892387,0,4.238917,3.7751749,0,0.57911783,1.8738629
1.6400042,0,4.1570477,3.060159,0,0.6569829,2.0799103
2.9074688,0,1.8385104,2.501628,0,0.657848,1.5865034
2.541075,0,1.3591169,2.2448149,0,0.70109,0.9542872
3.4869702,0,0,2.2192295,0,0.748556,0.5191847
5.3072214,0,0,1.9588919,0,0.44164154,2.906688
3.96923,0,0,1.7519977,0,0.45463896,1.7625934
3.6323197,0,0,1.6730709,0,0.48426795,1.4749807
4.2928534,0,0,1.709921,0,0.5230328,2.0598998
3.9210923,0,0,1.7230816,0,0.5541338,1.6438769
3.0955048,0,0,2.0938046,0,0.5005575,0.5011426
3.3811193,0,0,2.6133907,0,0.49773717,0.2699914
3.3824732,0.57970816,0,3.178005,0,0.5141849,0.2699914
1.8609161,6.2233667,0,3.8682802,0,0.5303025,3.6857002
0,9.959921,0,4.3915467,0.055008132,0.90697014,4.606396
0,11.27899,0,4.6581907,1.6957668,0.70426774,4.220765
0,13.23807,0,5.352369,3.0356827,1.1133816,3.7366366
0,14.88222,0,5.1474056,5.5003185,0.6904697,3.5440261
0,10.373601,0,4.3852754,0.9822228,1.3783778,3.6277251
1.0999855,4.62594,0,3.9348984,0,0.44419512,1.3468318
2.2736952,3.7093115,0,3.6367686,0,0.3355961,2.010642
2.2271163,3.5524962,0,3.3961942,0,0.27448204,2.1089363
1.8053089,1.5072238,0.88929296,3.2551608,0,0.23062488,0.71604013
2.014487,0.12309709,3.2540326,3.8779216,0,0.18917045,1.3245246
3.2905705,0,2.760031,3.846882,0,0.2310092,1.9727103
4.457887,0,1.2384951,3.2533805,0,0.25768214,2.1853194
4.6637406,0,0,2.715154,0,0.27238777,1.6761991
3.6755567,0,0,2.2776406,0,0.37406674,1.0238495
2.9664047,0,0,2.0196319,0,0.3718825,0.5748903
2.3793366,0,1.2879103,1.9588919,0,0.5157182,1.1926368
1.6744651,0,0.87866384,1.7519977,0,0.5311398,0.2699914
2.3835125,0,0.10420219,1.6730709,0,0.5446523,0.2699914
2.3865712,0,0.15028673,1.709921,0,0.55694556,0.2699914
1.587945,0,0.98220116,1.7230816,0,0.57707316,0.2699914
2.0541897,0,0.8903984,2.0938046,0,0.5807921,0.2699914
1.0045853,0,2.395698,2.6133907,0,0.51690125,0.2699914
1.8260345,1.4528047,0.8220982,3.2391217,0,0.5918242,0.2699914
2.1919987,3.2255256,0,3.6584313,0,0.58006775,1.1790253
2.9045174,4.2839313,0,3.9942274,0,0.54993,2.6442914
1.6158969,6.7534504,0,4.341403,0,0.5645789,3.4633658
0,10.514327,0,5.161707,0.49395302,1.2207502,3.6379166
0,12.460377,0,4.9778767,3.574131,0.45339397,3.4549747
0,13.8922825,0,4.631583,5.009374,0.7168535,3.5344725
0,11.869872,0,4.4419737,2.782628,0.927999,3.7172713
0,9.494541,0,4.0417347,1.2243881,0.6382562,3.590162
0,8.417952,0,3.7367764,0.6507993,0.6041728,3.4262037
1.5578192,3.9918365,1.8012317,3.4290836,0,0.3034497,3.6183543
4.6445756,0.14261046,0.5554463,3.8792877,0,0.26705036,1.1962945
6.046434,0,0,3.846882,0,0.3779764,1.8215755
6.0202427,0,0,3.2533805,0,0.42247275,2.3443894
4.6239734,0,0.05559816,2.715154,0,0.434101,1.5303165
4.122253,0,0,2.2776406,0,0.46669027,1.3779223
6.017581,0,0,2.0196319,0,0.5136594,3.4842896
0.60596585,0,2.792242,1.9588919,0,0.5257132,0.91360295
0.6032623,0,1.9769281,1.7519977,0,0.5582013,0.2699914
0.5932912,0,1.9381455,1.6730709,0,0.5883745,0.2699914
1.5250353,0,1.0661539,1.709921,0,0.61127687,0.2699914
2.8742237,0,0,1.7230816,0,0.5558207,0.5953214
2.9592085,0,0,2.0938046,0,0.5719534,0.29345047
2.2794902,1.2161639,0.02916491,2.698522,0,0.55630565,0.2699914
0.53721327,5.394533,0,3.5150428,0,0.57499063,1.8417128
0,11.221307,0,4.2940173,1.4914217,1.1252338,4.310634
0,16.341936,0,6.202449,5.2139516,0.3143405,4.6111956
0,17.645657,0,5.3458276,7.2906156,0.78430176,4.2249117
0,17.645657,0,5.6609,7.491433,0.75335944,3.739964
0,17.645657,0,5.8471994,8.019772,0.23165831,3.5470276
0,17.645657,0,5.4261503,8.019772,0.5688659,3.6308687
0,15.035152,0,5.349501,4.777397,1.0846001,3.823654
0,11.616938,0,7.659929,0,0.267409,3.6896002
0,7.622808,0,4.041569,0,0.06455366,3.5166848
0,2.3309128,1.769324,3.312819,0,0.068085,0.7193328
1.6920557,0.26627776,3.3569481,3.8879442,0,0.098490246,1.3288472
2.0561566,0,3.9009285,3.846882,0,0.13207406,1.9781293
2.0033197,0,3.5977333,3.2533805,0,0.15657412,2.1910982
0.31104308,0,4.2523794,2.715154,0,0.16715181,1.6811166
0,0,3.554298,2.2776406,0,0.24899457,1.0276629
0.6496127,0,2.3306565,2.0196319,0,0.38269344,0.57794404
1.5239112,0,1.0873766,1.9033281,0,0.40583187,0.3021278
0,0,2.4211667,1.7071174,0,0.44405788,0.2699914
2.377651,0,0,1.6314996,0,0.47615984,0.2699914
0,0,2.4542017,1.6705463,0,0.513664,0.2699914
2.4833817,0,0,1.6817355,0,0.5316547,0.2699914
2.8625479,0,0,2.02193,0,0.5706265,0.2699914
0.98351234,0.50819504,1.8398896,2.5244217,0,0.53718394,0.2699914
0.9400035,2.824014,0,3.1403563,0,0.35366958,0.2699914
0,10.876281,0,3.995789,3.8207502,0.5266136,2.5331278
0,15.389537,0,4.5701103,7.4636803,0.39908916,2.9566574
0,12.172569,0,4.5265284,3.6848836,0.6550677,3.3060894
0,14.646203,0,5.255235,5.061932,0.48692966,3.8421063
0,12.957042,0,4.821408,4.0144744,0.22831188,3.8928478
0,14.810059,0,4.5128965,6.2340913,0.29702365,3.7660468
0,17.3387,0,4.6451635,7.802741,1.2040259,3.6867688
0,12.814654,0,4.0726056,3.9781437,0.8330506,3.9308548
1.161101,6.41795,0,3.3675113,0,0.14474148,4.066798
1.6628991,2.1965408,3.5504096,3.0643415,0,0.07042244,4.2750854
0.9105867,0.47118357,4.1870265,3.6471746,0,0.1131538,1.8084686
0.7994981,0,4.563804,3.6792037,0,0.12820129,1.555897
0.78057337,0,3.9479198,3.1455026,0,0.24439774,1.3385929
0.9654556,0,2.807297,2.6380334,0,0.27175164,0.86296767
0.9094644,0,1.9821641,2.1980815,0,0.30247742,0.39106956
1.0001177,0,1.5475972,1.9442816,0,0.33344176,0.2699914
0,0,2.8424156,1.9033281,0,0.66909605,0.2699914
0.8048824,0,1.8519386,1.7071174,0,0.6797122,0.2699914
0.85367864,0,1.7418563,1.6314996,0,0.69404393,0.2699914
1.3098012,0,1.3424894,1.6705463,0,0.71175283,0.2699914
2.6686523,0,0,1.6817355,0,0.7169254,0.2699914
3.0287302,0,0,2.02193,0,0.69493777,0.3118624
2.5809712,0.87636185,0.023934769,2.5501933,0,0.6610831,0.2699914
1.2692306,5.6909204,0,3.3410397,0,0.48007593,3.139035
0,9.0661745,0,3.8690815,0,1.0258368,4.171256
0,14.581611,0,4.5135555,4.8969035,0.74142706,4.4297247
0,17.33845,0,4.88814,7.723591,0.6901776,4.036541
0,17.33845,0,5.443692,7.8319817,0.49747485,3.5653007
0,16.835247,0,5.092882,8.019772,0.34077156,3.3818214
0,16.765568,0,4.649782,8.019772,0.6275475,3.468466
0,14.771584,0,4.4654655,5.8123436,0.84748876,3.646286
0,7.952703,0,3.732269,0,0.7198633,3.5005705
0.36868387,5.7798147,0,3.322842,0,0.24572706,2.5799296
0.49860764,2.878797,0.48783025,3.1120996,0,0.22609177,0.5270437
0.62695706,0.6187994,3.7305233,3.6575077,0,0.22409052,1.0946815
0.7072872,0,4.8926396,3.6792037,0,0.23846184,1.6822613
0.47542432,0,4.9809313,3.1455026,0,0.4457382,1.8651147
0.8041434,0,3.7405212,2.6380334,0,0.5140298,1.3926015
0.8077164,0,2.7808094,2.1980815,0,0.60719717,0.78324705
0.8156299,0,2.1490126,1.9442816,0,0.6370406,0.38332012
0,0,2.561552,1.9033281,0,0.38823265,0.2699914
0,0,2.395155,1.7071174,0,0.41804612,0.2699914
0.6353131,0,1.7250942,1.6314996,0,0.45891613,0.2699914
2.4474769,0,0,1.6705463,0,0.5069391,0.2699914
2.4761112,0,0,1.6817355,0,0.52438426,0.2699914
0.79191476,0.9617568,1.1208334,2.089253,0,0.5152606,0.2699914
0.67654115,2.7773325,0,2.6832612,0,0.5006211,0.2699914
0,7.967006,0,3.5003657,0.61042154,0.73686504,3.1193538
0,15.261933,0,4.302785,5.73458,1.1039777,4.120591
0,17.33845,0,4.7065344,7.8045387,0.45376962,4.373607
0,16.33845,0,4.81814,6.890461,0.64112985,3.9887183
0,14.679111,0,5.257539,5.5993385,0.29481202,3.5274212
0,14.019772,0,4.8957987,5.153148,0.6230116,3.3478131
0,14.360433,0,4.481423,6.206886,0.23949449,3.4326296
0,12.87746,0,4.3328767,4.304989,0.6328957,3.606698
2.6534834,4.530165,0,3.4926913,0,0.22690018,3.4640567
2.814362,2.0064583,0,3.058707,0,0.20036384,1.5617496
0.7255789,0.956026,1.9637774,2.9775054,0,0.1779055,0.4899713
0.020434799,0.342575,4.50296,3.638172,0,0.18216562,1.0456326
0,0.115676045,6.34363,3.6873012,0,0.21326199,2.5587425
1.1611406,0,4.2252917,3.1455026,0,0.44111925,1.7998103
2.8558652,0,1.5843292,2.6380334,0,0.46489474,1.3372664
0,0,3.4317682,2.1980815,0,0.49291775,0.7407689
2.1374216,0,0.7105111,1.9442816,0,0.5543708,0.34928036
1.4909794,0,1.0516473,1.9229271,0,0.34970814,0.2699914
0.99611837,0,1.3690383,1.727265,0,0.36790037,0.2699914
0,0,2.3096933,1.6520445,0,0.38765752,0.2699914
0.012898924,0,2.3508124,1.6909758,0,0.40274417,0.2699914
1.6543728,0,0.72144306,1.7026635,0,0.403161,0.2699914
3.1093614,0.33050683,0,2.0757177,0,0.38544065,0.9787098
1.6556324,1.617577,0,2.6400416,0,0.36317632,0.2699914
1.0668557,4.0185113,0,3.2711437,0,0.20521194,1.6090115
0,11.046232,0,4.083746,1.9646358,0.8991463,4.0987043
0,15.584578,0,4.6743546,5.946202,0.614657,4.349364
0,16.227463,0,4.9274707,7.136851,0.19508134,3.9680593
0,15.985499,0,5.4936533,6.5750804,0.40570801,3.5110574
0,14.743536,0,5.097372,5.6743965,0.6386464,3.3331215
0,10.919861,0,4.409135,2.9325886,0.16098921,3.4171484
0,14.008236,0,4.5705123,5.5811424,0.26698512,3.5895958
0,14.318782,0,4.3419566,6.493467,0.03507495,3.448283
0.3753276,6.4491773,0,3.5269878,0,0.05747545,3.2400417
1.0095384,2.7002463,0,3.234618,0,0.001210658,0.47395608
0,0.7326398,4.097069,3.8052654,0,0,1.0244433
0.32565504,0.07897454,5.0026298,3.7856894,0,0.027300043,1.5942701
0.38591364,0,4.8993564,3.2245257,0,0.28914535,1.7715987
0.2788652,0,4.009482,2.6896183,0,0.28536648,1.313362
0.556707,0,2.6936572,2.234682,0,0.2932636,0.7224184
0.5585366,0,2.0600736,1.9697908,0,0.3142444,0.33457512
0.98461187,0,1.3522713,1.9233981,0,0.14349362,0.2699914
3.6670728,0,0,1.727265,0,0.15347311,1.7863346
2.2496998,0,0,1.6528376,0,0.15652654,0.44033557
2.1374502,0,0,1.6946088,0,0.17285001,0.2699914
2.1475978,0,0,1.7116333,0,0.16597311,0.2699914
2.0515163,0.49422622,0,2.1041186,0,0.17163256,0.2699914
0.96910965,0.7718418,1.2802291,2.608219,0,0.14297043,0.2699914
0.36504465,1.5234265,1.7381319,3.1363237,0,0.2202879,0.2699914
1.9157004,3.464828,0,3.6066701,0,0.14869018,1.6251682
3.8687248,4.7714295,0,3.9852989,0,0.2288726,4.425983
1.1476886,7.5364165,0,4.4006777,0,0.25007582,4.033352
0,14.3219,0,5.4709606,4.8668346,0.42133042,3.562775
0,15.209423,0,5.233438,6.019962,0.57647,3.3795536
0.15643176,7.8288403,0,4.302626,0,0.21656945,3.4660764
0,9.466781,0,4.3650126,0.77153695,0.6865848,3.643646
0,15.879416,0,4.5619707,7.69709,0.12222028,3.4981356
0,14.377464,0,4.1869435,6.7231336,0.12997687,3.33741
0,8.934135,0,3.7663553,1.0601245,0.5830841,3.5245714
1.3781655,2.6003108,1.1607417,4.0185995,0,0.029207747,1.0914109
1.2157148,0.3991103,3.9786477,3.8757093,0,0.03959978,1.6781638
1.5653503,0,3.8232946,3.2760873,0,0.2517976,1.8607601
0.57600474,0,3.8183048,2.7253616,0,0.28003648,1.3889115
0.8949197,0,2.4560764,2.256172,0,0.31440926,0.78041464
2.737996,0,0,1.9798689,0,0.37707686,0.38105032
0,0,2.3655944,1.9598136,0,0.13578922,0.2699914
0,0,2.193157,1.7722366,0,0.15092888,0.2699914
0,0,2.151887,1.7150003,0,0.16689515,0.2699914
0,0,2.2326124,1.7779979,0,0.18462312,0.2699914
0,0.03159829,2.2600503,1.8303287,0,0.19132857,0.2699914
0,2.4314854,0.3864024,2.370797,0,0.17709965,0.2699914
0,4.419442,0,3.0159376,0,0.3286109,1.0748935
0,7.045112,0,3.7261584,0,0.2402676,3.0786862
0,11.085828,0,4.393373,1.7170832,0.92562413,4.049748
0,14.281167,0,4.949678,4.728284,0.3080669,4.2951384
0,13.80802,0,5.1763234,4.4405265,0.2693201,3.9218495
0,8.978505,0,5.461444,0,0.0426064,3.474455
0,13.769483,0,5.513195,4.925418,0.030609716,3.30026
0,13.954401,0,5.115158,5.2654543,0.19126825,3.3825204
0,15.139319,0,5.136071,6.341939,0.10996765,3.5513422
0,16.183392,0,4.93527,7.7194943,0.115626454,3.4130003
0,13.088612,0,4.4161515,5.275792,0.1364756,3.2601926
0,9.774878,0,4.1036563,1.8903717,0.3427155,3.4381337
0,2.7534013,2.5215907,4.2611814,0,0.03676215,0.97704834
0,0.26212075,5.3569245,4.0489144,0,0.035235114,1.5348958
0,0,5.1823373,3.4105625,0,0.052474678,1.7193
0,0,4.1437964,2.8154159,0,0.06848785,1.259893
0,0,3.1101708,2.3085463,0,0.12025166,0.68137276
0,0,2.4474478,2.0036569,0,0.142108,0.301683
0,0,2.2773707,1.9781156,0,0.029263843,0.2699914
0,0,2.079813,1.7927923,0,0.017029405,0.2699914
0,0,2.0198731,1.7348843,0,0.014997467,0.2699914
0,0,2.098392,1.8132975,0,0.015103096,0.2699914
0,0.4264491,1.7785237,1.9122212,0,0.02276013,0.2699914
0,2.0998118,0.6915818,2.4792895,0,0.042112652,0.2699914
0,6.714742,0,3.3045192,0.62574244,0.53285605,2.2516246
0,12.20933,0,4.214524,4.5098066,0.3354287,3.149571
0,14.348913,0,4.822754,5.226633,0.12629575,4.1732297
0,9.454271,0,4.867851,0,0.15450874,4.4319115
0,13.453039,0,5.4235816,3.8435676,0.1474857,4.038404
0,13.896007,0,6.115979,3.939734,0.27351728,3.5667765
0,13.684635,0,5.886315,4.3318124,0.08336151,3.3831463
0,13.8603115,0,5.4961915,4.7788343,0.11542359,3.4698622
0,10.262849,0,5.1437774,1.4243388,0.046904378,3.6478283
0,15.905084,0,5.248555,6.8827095,0.2718262,3.501993
0,13.692717,0,4.7834334,5.559505,0.015329324,3.334449
0,7.1119747,0,4.2035646,0,0.08336151,2.8250482
0,2.2053957,3.2568398,4.365643,0,0,1.0965927
0,0.7043181,5.048618,4.068281,0,0,1.684655
0,0.014423626,5.262242,3.4090064,0,0,1.8676591
0,0,4.166116,2.7703478,0,0.001011232,1.3947572
0,0,3.1374304,2.3426504,0,0.009877795,0.7849021
0.5538523,0,1.8910216,2.0451007,0,0.015126798,0.38464642
2.2829747,0,0,1.9550302,0,0.05795321,0.2699914
0.9145844,0,1.1662123,1.7499347,0,0.06087067,0.2699914
0.72622323,0,1.338011,1.726516,0,0.06772688,0.2699914
1.7998432,0,0.30742896,1.7689723,0,0.06830846,0.2699914
0,0.41001195,1.810338,1.8791046,0,0.07125386,0.2699914
0,1.1407261,1.5968229,2.4026191,0,0.064938426,0.2699914
0.785918,2.8337681,0,3.0903878,0,0.25930697,0.2699914
0,4.705923,0,3.76679,0,0.45635426,0.48277888
1.6400907,6.282229,0,4.3554945,0,0.12999511,3.4368296
2.2302535,9.825343,0,5.009712,2.6232495,0.12610722,4.2965274
1.9857409,9.403592,0,5.2717967,2.0342865,0.16021663,3.9230335
1.5708258,7.7963157,0,5.832705,0,0.059043374,3.4753928
0.3248374,7.814747,0,5.626579,0,0.22502047,2.287985
0,14.463003,0,5.69191,4.914459,0.4732266,3.3834076
0,16.427969,0,5.72601,6.813829,0.33580795,3.5523224
0,16.427969,0,5.4279456,7.5280857,0.058034092,3.4139042
0,11.492344,0,4.7598267,3.3593798,0.11212447,3.2610126
0,9.088747,0,4.4563527,1.0489771,0.14436561,3.4390514
0,6.8603315,0,4.7873526,0,0.03406193,2.038917
0.8024943,2.5934422,2.4405925,4.2765517,0,0.023560192,1.5364169
0,0.039368622,5.1871266,3.4670162,0,0.049366083,1.7101132
0,0,4.117546,2.8082423,0,0.048040763,1.2612629
0,0,3.1010776,2.364813,0,0.053840004,0.68242455
2.4223325,0,0,2.055222,0,0.06458469,0.30252567
0.45680007,0,1.7882687,1.9568286,0,0.018248785,0.2699914
0,0,2.0391493,1.7499347,0,0.019223282,0.2699914
0,0,1.9761388,1.6861455,0,0.020001922,0.2699914
0.4459798,0,1.6207037,1.7760044,0,0.020687684,0.2699914
1.5354878,0.25624442,0.37837407,1.8836865,0,0.016428275,0.2699914
1.3941077,1.3285869,0,2.4419181,0,0.010785123,0.2699914
0.7990601,4.275475,0,3.229998,0,0.007532562,1.8370047
0,10.16496,0,4.2010283,2.5475924,0.2679007,3.148438
0,16.42747,0,5.131133,6.8404307,0.28464946,4.171256
0,16.1869,0,5.532893,5.933511,0.2907704,4.4297247
0,14.946329,0,5.7482486,5.139433,0.02210696,4.036541
0,13.9914255,0,6.36288,3.4810894,0.58215517,3.5653007
0,13.784244,0,6.1459413,4.0581665,0.19831443,3.3818214
0,14.105856,0,5.7699757,4.7080903,0.15932435,3.468466
0,15.427469,0,5.7570977,5.7692533,0.25483242,3.646286
0,12.714043,0,5.2637773,3.8267963,0.12289947,3.5005705
0,5.471217,0,4.4258327,0,0,1.0453846
0,3.8356926,0.85671836,4.165367,0,0,0.5270437
0.38832915,2.269781,2.966857,4.530286,0,0,1.0946815
0,0.45996597,5.400466,4.178171,0,0,1.6822613
0,0.071149275,5.3014345,3.5069427,0,5.26E-04,1.8651147
0,0,4.230628,2.8336287,0,0.004397605,1.3926015
0,0,3.1728685,2.3796563,0,0.009964976,0.78324705
1.6284375,0,0.8332952,2.061999,0,0.016413596,0.38332012
1.5420903,0,0.66470915,1.9240808,0,0.012727276,0.2699914
1.5470937,0,0.45785356,1.7219348,0,0.013021154,0.2699914
1.5466893,0,0.398271,1.6612104,0,0.013758505,0.2699914
1.5602033,0,0.48025295,1.756245,0,0.014219869,0.2699914
1.0728514,0.33107188,0.74785227,1.8723929,0,0.009391289,0.2699914
0,3.1965601,0,2.5562773,0,0.004692404,0.63559055
0,6.488683,0,3.3563657,0.63457745,0.2566652,2.241075
0.49174815,6.5462437,0,3.9150536,0,0.003584576,3.1193538
1.1759676,4.3351536,0,4.250417,0,0.006959631,1.2537441
0,10.040521,0,5.064302,0.08021509,0.52239597,4.373607
0,15.797217,0,5.7700415,5.9389315,0.09952595,3.9887183
0,14.515943,0,6.3636665,4.3291893,0.29566604,3.5274212
0,17.038687,0,6.328212,7.3347316,0.027930837,3.3478131
0,17.038687,0,5.932813,7.2821555,0.39108866,3.4326296
0,17.038437,0,5.8251033,7.4991364,0.10749959,3.606698
0,11.117163,0,5.1100597,1.9636241,0.5794217,3.4640567
0,7.5568447,0,4.5270033,0,0,3.0298414
0.89742714,3.5774796,0.110278085,4.095214,0,0,0.4899713
1.0384399,0.8352875,3.5167086,4.344803,0,0,1.0456326
1.0323957,0.33253062,4.32975,4.0738616,0,0,1.6208148
0,0.015449889,5.216664,3.430149,0,0.002154398,1.7998103
0,0,4.1140375,2.77532,0,0.001451012,1.3372664
0,0,3.0761,2.3285298,0,0.006801353,0.7407689
0.16060637,0,2.2202227,2.0189083,0,0.012640536,0.34928036
0,0,2.232451,1.9448013,0,0.017658254,0.2699914
0,0,2.011254,1.7219348,0,0.01932786,0.2699914
0,0,2.00598,1.715771,0,0.020217795,0.2699914
0,0,2.105167,1.8126278,0,0.022547558,0.2699914
0,0.13271226,2.0763443,1.9167647,0,0.022300513,0.2699914
0,2.2883525,0.5221076,2.535138,0,0.005330854,0.2699914
0,4.871631,0,3.251817,0,0.08195588,1.5378584
0,5.4842463,0,3.8522668,0,0.15764281,1.4743365
0,8.217701,0,4.536599,0,0.068004124,3.6130977
0,13.472043,0,5.321505,3.6321542,0.1690201,4.349364
0,15.216491,0,5.748544,5.392016,0.10787065,3.9680593
0,14.947681,0,6.4146175,4.934921,0.087086275,3.5110574
0,14.992934,0,6.2066307,5.28872,0.16446277,3.3331215
0,16.038187,0,5.884552,6.545853,0.19063377,3.4171484
0,17.038187,0,5.8462706,7.4993067,0.10301426,3.5895958
0,16.461687,0,5.5040774,7.509327,0,3.448283
0,8.071511,0,4.5810466,0,0.19827123,3.2921937
0,8.311878,0,4.4422855,0,0.39563608,3.473956
0,4.097724,2.4785635,4.5861797,0,0.018346913,1.9717607
0,1.33136,4.435258,4.1540008,0,0.018346893,1.5942701
0,0.017285155,5.251712,3.4377708,0,0.059627462,1.7715987
0,0,4.093682,2.7803197,0,0,1.313362
0,0,3.0630178,2.331426,0,0.009173446,0.7224184
0,0,2.3547933,2.0202181,0,0,0.33457512
0,0,2.219401,1.9242496,0,0.025159828,0.2699914
0,0,2.0405505,1.7441887,0,0.026370376,0.2699914
0,0,2.0091476,1.714629,0,0.024527423,0.2699914
1.0090388,0,1.042674,1.7568417,0,0.024879806,0.2699914
1.1432893,0,1.0574337,1.9052489,0,0.025482774,0.2699914
0.08415159,0.55216926,2.0772285,2.4280055,0,0.015552898,0.2699914
0,3.564126,0,3.1545768,0,0.010805522,0.39874387
0,6.08853,0,3.8868003,0,0.003208559,2.1985214
0.5162839,4.950988,0,4.2980824,0,0.001311621,1.1678774
0,7.248044,0,4.874009,0,0.002737488,2.3712974
0,9.772096,0,5.353894,0,0.38485038,4.033352
0,15.193767,0,6.4169364,4.5861955,0.6278604,3.562775
0,17.038187,0,6.3339834,7.073669,0.2509813,3.3795536
0,17.038187,0,5.938352,7.3924856,0.24127316,3.4660764
0,14.11646,0,5.625716,4.7956414,0.051455438,3.643646
0,17.038187,0,5.5291104,7.949562,0.061379105,3.4981356
0,15.602301,0,5.09409,7.156173,0.014628029,3.33741
0,11.6820965,0,4.6657176,3.350636,0.1411719,3.5245714
0,7.168646,1.713363,4.790598,0,0,4.0914106
0,2.1898096,3.6940126,4.2056584,0,0,1.6781638
0,0.068620354,7.6733446,3.4350722,0,0,4.306893
0,0,4.1649585,2.7760472,0,0,1.3889115
0,0,3.110805,2.328907,0,0.001483453,0.78041464
0,0,2.4057837,2.0190585,0,0.005674839,0.38105032
0,0,2.2404711,1.962554,0,0.007925699,0.2699914
0,0,2.0237083,1.7432185,0,0.010498389,0.2699914
0,0,2.002897,1.7214303,0,0.011475337,0.2699914
0,0,2.1046195,1.8145348,0,0.020093147,0.2699914
0,0,2.1966786,1.9046278,0,0.022059323,0.2699914
0.72532034,1.0536723,0.9730594,2.4659214,0,0.01613928,0.2699914
0,3.959256,0,3.19508,0,0.14806843,0.6161075
0,5.509816,0,3.8356457,0,0.12973282,1.5444375
0,8.627752,0,4.5221686,0,0.08721748,4.018366
0,14.698048,0,5.3519955,4.7410855,0.30982798,4.2951384
0,12.26245,0,5.4927893,2.7426887,0.10512307,3.9218495
0,12.987706,0,6.213528,3.0707932,0.22893041,3.474455
0,16.999683,0,6.265029,7.331771,0.10262411,3.30026
0,16.160992,0,5.7961264,6.6707177,0.31162775,3.3825204
0,15.245344,0,5.632103,6.040294,0.021605056,3.5513422
0,13.971973,0,5.2383404,5.2666197,0.05401267,3.4130003
0,12.74548,0,4.820013,4.642541,0.02273275,3.2601926
0,9.342468,0,4.4390697,1.0944502,0.37081444,3.4381337
0,4.54268,2.9425213,4.53327,0,0,2.9519315
0,0.8336229,4.805855,4.0617647,0,0.042816903,1.5348958
0,0,5.110618,3.396417,0,0.005704813,1.7084965
0,0,4.0612464,2.7578175,0,0.043536004,1.259893
0,0,3.0050786,2.320236,0,0.003469707,0.68137276
0,0,2.3287404,2.0188746,0,0.008182496,0.301683
0,0,2.2143795,1.9322019,0,0.012186298,0.2699914
0,0,2.0129323,1.7293531,0,0.013587976,0.2699914
0.48246533,0,1.4657627,1.6650449,0,0.013191819,0.2699914
0.53306735,0,1.4944012,1.7534171,0,0.004060036,0.2699914
1.5480363,0,0.5600557,1.83596,0,0.002140578,0.2699914
2.0541804,0.5102226,0.055102974,2.3493426,0,1.72E-04,0.2699914
1.5992041,1.6703517,0,2.9995644,0,0,0.2699914
0,4.1677113,0,3.6939893,0,0.057607308,0.41611445
0,6.966268,0,4.345691,0,0.126195,2.4943821
0,9.358629,0,4.9063945,0,0.066858195,4.3853765
0,10.230063,0,5.268603,0.45443615,0.46862105,4.038404
0,16.89896,0,6.397597,6.881063,0.053523146,3.5667765
0,16.999434,0,6.1703067,7.1360574,0.3099235,3.3831463
0,16.999434,0,5.758285,7.109939,0.6613473,3.4698622
0,16.999434,0,5.659819,7.675285,0.016501343,3.6478283
0,16.999434,0,5.35985,7.8955708,0.24202006,3.501993
0,13.291698,0,4.7753763,5.152012,0.023401719,3.3409088
0,7.804869,0,4.2584796,0,0.017901272,3.528488
0,3.3854728,2.8367598,4.3909206,0,0,1.8313122
0,0.6331499,5.0504117,3.9989069,0,0,1.684655
0,0,5.2278185,3.3601594,0,0,1.8676591
0,0,4.134939,2.7333114,0,0.006870357,1.3947572
0,0,3.1015055,2.3058534,0,0.010750067,0.7849021
0,0,2.4108326,2.0122833,0,0.01390284,0.38464642
2.974628,0,0,1.929778,0,0.013560407,1.0312896
1.0985247,0,3.1052783,1.7293531,0,0.007139416,2.4673104
0.6229117,0,1.3197381,1.6626132,0,0.010045257,0.2699914
1.6657782,0,0.35769144,1.7438405,0,0.00963773,0.2699914
1.1896737,0,0.90701795,1.8149899,0,0.01171038,0.2699914
0,0.47961783,2.1129088,2.311344,0,0.011191176,0.2699914
0.2583095,3.0601897,0,3.0436156,0,0.00489221,0.2699914
0.3090728,6.6240234,0,3.7939875,0,0.059702627,3.0794063
0,10.129377,0,4.4763985,1.160801,0.4411754,4.051002
0,15.235883,0,5.2095385,5.3054905,0.42432666,4.2965274
0,17.000183,0,5.6191006,7.264079,0.19397044,3.9230335
0,17.000433,0,6.269584,6.893052,0.36240488,3.4753928
0,17.000183,0,6.0277805,7.54578,0.12552144,3.301102
0,16.999933,0,5.6130366,7.990558,0.012931399,3.3834076
0,15.5842085,0,5.417715,6.144602,0.46956885,3.5523224
0,6.5882306,0,4.4950776,0,1.58E-04,2.092995
0.3200009,2.6502197,1.6427912,3.9058666,0,0,0.7071453
0,3.4337983,0.8487865,3.8428397,0,6.94E-04,0.4390515
0,2.6956077,2.5331044,4.2504497,0,0,0.97826254
0,0.4342603,5.0151105,3.911639,0,0.001314557,1.5364169
0,0,5.024932,3.3057098,0,0.00910905,1.7101132
0,0,3.9646413,2.6965208,0,0.006857406,1.2612629
0,0,2.9720964,2.2842674,0,0.005404451,0.68242455
1.555025,0,0.76080555,2.0023937,0,0.010911156,0.30252567
2.7111692,0,0.5915949,1.9253039,0,0.089317754,1.2881422
0.938504,0,1.1583488,1.73415,0,0.09271136,0.2699914
0.8667758,0,1.168743,1.6643574,0,0.10116997,0.2699914
1.2999705,0,0.8253759,1.7305032,0,0.12485187,0.2699914
2.1983628,0,0,1.7886479,0,0.13972357,0.2699914
1.7839607,0.05287306,0.8034031,2.2224584,0,0.14778724,0.2699914
0,3.9023478,0,3.036726,0,0.14709622,0.7185256
0.3216668,6.6182246,0,3.7349637,0,0.056489885,3.148438
0,10.844785,0,4.445593,1.722998,0.5049377,4.171256
0,15.575163,0,5.10937,5.948388,0.08767961,4.4297247
0,17.492035,0,5.463133,7.837521,0.15484115,4.036541
0,17.492287,0,6.08079,7.509873,0.33632246,3.5653007
0,17.492035,0,5.8085527,8.019772,0.2818895,3.3818214
0,12.440287,0,5.0335855,3.2932186,0.6450164,3.468466
0,11.515426,0,4.9103365,2.9317014,0.027102074,3.646286
0,8.705947,0,4.431466,0.53546643,0.2384443,3.5005705
0.46983826,4.571231,0,3.8805137,0,0.014842891,1.1457127
2.038664,2.0241091,0.06954025,3.5882587,0,0.017011102,0.5270437
2.0420704,0.31710523,2.8112266,4.0669312,0,0.008789278,1.0946815
0.7437442,0.01743239,4.8214693,3.876021,0,0.024363562,1.6822613
0,0,5.22253,3.3028712,0,0.05454399,1.8651147
0,0,4.168072,2.7123897,0,0.06308098,1.3926015
0,0,3.1358714,2.2661908,0,0.086433716,0.78324705
0,0,2.533558,2.003627,0,0.14661062,0.38332012
1.9758173,0,0.27386773,1.9194878,0,0.060205746,0.2699914
1.5392642,0,0.53133327,1.73415,0,0.066456035,0.2699914
1.5922776,0,0.4042932,1.6584687,0,0.068110675,0.2699914
0,0,2.0531056,1.7072031,0,0.075910985,0.2699914
0.5065592,0,1.5789038,1.7373846,0,0.07808706,0.2699914
0.33615273,0,2.1354306,2.130681,0,0.070910886,0.2699914
0.5514467,1.8397427,0.8257006,2.7609317,0,0.18596682,0.2699914
1.6912508,2.9255884,0,3.2980094,0,0.033286065,1.2855436
0.53138644,5.0602436,0,3.8145154,0,0.03232749,1.7447871
0,9.68164,0,4.425514,0.49249545,0.39002293,4.373607
0,13.753361,0,4.8905454,4.6560755,0.21802199,3.9887183
0,16.228447,0,5.6501465,6.8707905,0.18008813,3.5274212
0,17.491785,0,5.4455113,8.019772,0.6786895,3.3478131
0,17.301027,0,5.001891,8.019772,0.84673524,3.4326296
0,14.970219,0,4.78392,6.5403433,0.03925704,3.606698
0,11.279085,0,4.2594814,3.5389946,0.016552232,3.4640567
0,6.0706825,0.8975268,3.6609547,0,7.54E-04,3.3065007
1.4683429,1.7161771,0.58626467,3.2793903,0,0.00142307,0.4899713
2.3804054,0.16022784,2.3179698,3.8129706,0,0,1.0456326
2.4702573,0,5.8211975,3.6802595,0,0,4.6111956
2.1887982,0,2.7728944,3.1575232,0,0.00435911,1.7998103
1.0441536,0,2.9118829,2.6135342,0,0.005235649,1.3372664
1.2728113,0,2.0937521,2.2077968,0,0.00558769,1.1531792
0,0,2.3507574,1.9766874,0,0.024789512,0.34928036
1.5523114,0,0.6550679,1.9159648,0,0.021423072,0.2699914
1.106749,0,0.9190329,1.73415,0,0.021640483,0.2699914
1.1129096,0,0.8342877,1.6550556,0,0.02215023,0.2699914
1.1257962,0,0.86108017,1.6940032,0,0.022881776,0.2699914
1.5670654,0,0.4353037,1.7090132,0,0.023364427,0.2699914
2.704527,0,0,2.083088,0,0.015667181,0.605772
4.428456,0.3046991,0,2.5841887,0,0.122357845,2.0266082
5.2040124,0.99722475,0,3.07126,0,0.09314261,3.0368347
5.08931,1.9415401,0,3.482888,0,0.020611517,3.527351
4.6651564,3.7418962,0,3.877355,0,0.18033348,4.349364
1.9970589,6.189819,0,4.2135034,0,0.005315267,3.9680593
0,11.61706,0,5.1694098,2.809458,0.12713462,3.5110574
0,16.69696,0,5.227107,8.019772,0.11696046,3.3331215
0,17.196959,0,4.8327684,8.019772,0.92726946,3.4171484
0,17.20912,0,4.7853074,8.019772,0.81444454,3.5895958
0,8.32544,0,3.9088984,0.8902567,0.078002885,3.448283
0.35204142,4.1092224,0,3.395438,0,0.065933056,0.99989265
0.56617904,1.1947594,1.8978552,3.1332417,0,0.0515959,0.47395608
0.627494,0.019475034,4.136048,3.713673,0,0.04490042,1.0244433
0.65457267,0,4.598814,3.611291,0,0.047825716,1.5942701
4.2875657,0,0.6473938,3.1079836,0,0.05537744,1.7715987
0.9712525,0,2.978358,2.5812032,0,0.05504516,1.313362
0.92706335,0,2.0926583,2.1895103,0,0.10779297,0.7224184
2.4348361,0,0,1.9686288,0,0.13163213,0.33457512
2.7751167,0,0,1.9416316,0,0.35332555,0.48015958
2.3858433,0,0,1.7536947,0,0.36215717,0.2699914
4.3559594,0,0,1.6717979,0,0.3652627,2.318899
2.3537405,0,0,1.7084235,0,0.3753255,0.2699914
2.376574,0,0,1.7249608,0,0.38162193,0.2699914
2.77233,0,0,2.1115506,0,0.39078808,0.2699914
3.2797325,0.014294365,0,2.5903928,0,0.4336425,0.2699914
3.036525,1.7677006,0,3.1450672,0,0.4262467,1.2329116
3.205005,4.9760084,0,3.6899595,0,0.3231767,4.167877
1.1147811,8.029514,0,4.1656003,0,0.55271214,4.425983
0.47373396,11.0689535,0,4.5216384,2.3573415,0.63035566,4.033352
0,14.725053,0,5.3138027,5.3824797,0.46599537,3.562775
0,15.47991,0,5.145037,6.6847363,0.27058312,3.3795536
0,15.234268,0,4.670886,6.9154058,0.18189952,3.4660764
0,10.718271,0,4.3143706,2.5721111,0.1881437,3.643646
0,8.573336,0,3.9056647,0.26188317,0.907652,3.4981356
0,5.8279443,0,3.494557,0,0.07399513,2.2593923
0,0.8605393,2.838956,3.1102757,0,0.06464802,0.52457136
0,0,4.9089184,3.7503498,0,0.06715775,1.0914109
0.33556873,0,5.1307707,3.698989,0,0.08918681,1.6781638
2.045553,0,3.0852458,3.1613579,0,0.10868072,1.8607601
2.655071,0,1.5017929,2.6349995,0,0.13295299,1.3889115
3.1502268,0,0,2.2287083,0,0.14110388,0.78041464
2.555333,0,0,2.0000932,0,0.17418937,0.38105032
2.4933765,0,0,1.9416316,0,0.28175342,0.2699914
2.1188536,0,0.19126534,1.7536947,0,0.2864328,0.2699914
3.235036,0,0,1.6717979,0,0.29611796,1.26712
2.8564792,0,0,1.7084235,0,0.30204934,0.8460063
3.9542253,0,0,1.7249608,0,0.2797727,1.9494919
3.3514166,0,0,2.1115506,0,0.26604688,0.9738193
4.203763,0.001351136,0,2.5894868,0,0.2719136,1.3437139
5.6745276,0.154586,0,3.0321493,0,0.27077103,2.5261936
5.874121,0.37981957,0,3.3682263,0,0.30969495,2.5760198
4.4709,1.5653162,0,3.7131064,0,0.2539769,2.0691333
1.5404103,5.0907965,0,4.1031675,0,0.21478601,2.3132532
0,9.52901,0,4.95008,0.770854,0.3336214,3.474455
0,15.504813,0,5.14678,6.7973557,0.26041675,3.30026
0,16.596386,0,4.7662344,7.391172,1.0564594,3.3825204
0,14.045318,0,4.547264,5.522919,0.42379194,3.5513422
0,8.604957,0,3.9078782,0.28439388,0.99968433,3.4130003
1.0795059,1.465821,1.0180979,3.1892083,0,0.10422529,0.2699914
3.5240815,0.032965813,0,3.0523458,0,0.06656777,0.43813372
3.8756323,0,0.9241675,3.7503498,0,0.07240167,0.97704834
2.1012218,0,3.2379043,3.698989,0,0.10524127,1.5348958
2.2751102,0,5.6660304,3.1613579,0,0.1685874,4.6111956
2.1115382,0,1.9482583,2.6349995,0,0.16490397,1.259893
1.0606666,0,2.0182133,2.2287083,0,0.16879876,0.68137276
2.5103912,0,0,2.0000932,0,0.20861506,0.301683
2.505705,0,0,1.9416316,0,0.29408222,0.2699914
3.4625516,0,0,1.7536947,0,0.2964693,1.4123877
3.474963,0,0,1.6717979,0,0.30939126,1.4937738
4.196285,0,0,1.7084235,0,0.32734844,2.160513
4.123225,0,0,1.7249608,0,0.3186065,2.079658
2.8850782,0,0,2.1115506,0,0.30102512,0.47250265
2.6055555,0,0.5441705,2.5893922,0,0.2903425,0.2699914
1.2739499,5.03238,0,3.3735948,0,0.39240655,2.5403287
1.0644593,7.4015326,0,3.859746,0,0.4330165,4.1732297
1.8106117,2.549816,1.1349283,3.7820213,0,0.2814231,1.4319116
1.5568798,5.192882,0,4.1103134,0,0.2626896,2.376759
0,10.115184,0,4.9911118,0.5057543,1.0515409,3.5667765
0.40139878,7.7897854,0,4.6067286,0,0.20130941,3.3831463
0.8887249,5.653381,0,4.000224,0,0.10874665,2.433135
0,10.846325,0,4.3233347,2.1072042,0.76795816,3.6478283
0,11.16352,0,4.0869775,2.456616,1.1179333,3.501993
0.9846461,5.2526917,0,3.4542892,0,0.12752397,2.655525
2.605969,0.294682,0.8125261,3.0706658,0,0.11402314,0.52848804
4.3482037,0,0.6470195,3.7503498,0,0.1482808,1.0965927
5.1011457,0,0.46489617,3.698989,0,0.1823978,1.684655
5.170902,0,0.059226826,3.1613579,0,0.2011116,1.8676591
4.2271957,0,0,2.6349995,0,0.19743891,1.3947572
3.2068293,0,0,2.2287083,0,0.19321883,0.7849021
2.6013527,0,0,2.0000932,0,0.21661296,0.38464642
0.7642961,0,1.7736458,1.9535942,0,0.31435624,0.2699914
0.76847905,0,1.6012198,1.7603698,0,0.33933768,0.2699914
1.0126776,0,1.2949809,1.6771971,0,0.36046988,0.2699914
2.1936667,0,0.17527305,1.7133161,0,0.3856323,0.2699914
3.9210212,0,0,1.7300922,0,0.4101612,1.7807679
4.5465612,0,0,2.1286018,0,0.38904905,2.0289102
4.1666727,0,0,2.6134512,0,0.35806793,1.1951536
2.799777,1.7805079,0,3.2058644,0,0.33273774,1.0416827
1.0475816,6.9838996,0,3.8724766,0,0.36071816,3.7982864
0,10.687643,0,4.377076,1.5840971,0.66457975,4.0618896
0,14.043332,0,4.7338667,4.8785896,0.6048714,3.8260045
0,15.435635,0,5.3468094,5.8800087,0.69404113,3.5147753
0,15.560182,0,5.206885,6.629646,0.25807673,3.4655747
0,14.894774,0,4.7121544,6.466635,0.16406262,3.551922
0,12.109695,0,4.480156,2.959258,1.0225546,3.6477273
0,7.8498816,0,3.9369612,0.23202012,0.17975602,3.5011442
0.15573728,2.3357012,1.3570614,3.3588893,0,0.0820452,0.40756547
0.27693543,0.022222666,3.7366874,3.1776247,0,0.09239164,0.7658292
0.5897001,0,4.870745,3.8852623,0,0.08266129,1.4925219
1.8881053,0,4.005927,3.812139,0,0.13085046,1.9510431
3.4901783,0,1.869818,3.216134,0,0.20554222,1.9383202
4.2220893,0,0,2.6642058,0,0.23543698,1.3224467
3.9036448,0,0,2.2552328,0,0.26229817,1.3861139
2.6693735,0,0,2.0271327,0,0.27415434,0.36808655
3.5092626,0,0,1.9535942,0,0.34861887,1.2070494
4.4410686,0,0,1.7603698,0,0.3613939,2.319305
4.408753,0,0,1.6771971,0,0.36407512,2.3674808
4.2838845,0,0,1.7133161,0,0.373859,2.1967094
4.224035,0,0,1.7300922,0,0.38194194,2.112001
4.6978273,0,0,2.1286018,0,0.50669,2.0625353
4.8086023,0,0,2.6134512,0,0.7396581,1.4554931
4.6741805,0.9034248,0,3.1444688,0,0.596946,1.8361905
4.5245504,1.4895173,0,3.4878697,0,0.603626,1.9225719
4.499962,3.017572,0,3.8401713,0,0.7003102,2.9770522
3.8093936,3.5103197,0,3.9965558,0,0.42309427,2.900063
2.1329684,4.9083037,0,4.609896,0,0.3587861,2.0725896
0.79375595,7.8170977,0,4.664869,0,0.4616714,3.4843135
0,8.461135,0,4.2618,0,0.57274616,3.6265888
1.166289,4.923501,0,3.9771223,0,0.595114,1.5175536
3.4494848,1.1752574,0,3.4697375,0,0.4698186,0.68518597
4.1718135,0.14870054,0,3.2057993,0,0.473337,0.6413778
4.796563,0,0,3.176069,0,0.44059804,1.1798961
5.5843434,0,0,3.8852623,0,0.37611872,1.3229624
6.1362424,0,0,3.812139,0,0.353352,1.9707515
5.791079,0,0,3.216134,0,0.39171407,2.1832309
5.0907726,0,0,2.6642058,0,0.6013231,1.8252438
5.22375,0,0,2.2552328,0,0.40816674,2.5603507
5.263166,0,0,2.0271327,0,0.43833047,2.7977028
4.114365,0,0,1.9535942,0,0.5722363,1.5885347
2.612734,0,0,1.7603698,0,0.5823728,0.2699914
2.5507975,0,0,1.6771971,0,0.603609,0.2699914
2.5993774,0,0,1.7133161,0,0.61607003,0.2699914
2.6142683,0,0,1.7300922,0,0.61418486,0.2699914
4.1109276,0,0,2.1286018,0,0.7313595,1.2509663
3.9525595,0,0,2.6134512,0,0.81272787,0.52638024
3.7518978,0.35278395,0,3.105924,0,0.68501383,0.3137442
3.5451038,5.141725,0,3.7435243,0,0.6849272,4.2583776
2.4798133,6.894663,0,4.1115675,0,0.7101521,4.552757
1.3479842,8.108893,0,4.318456,0,0.96400344,4.1744184
0.81942123,8.724176,0,4.8770075,0,0.967145,3.699445
2.5243368,6.4510784,0,4.5692472,0,0.8956908,3.510477
4.157467,4.222143,0,3.9650702,0,0.8219467,3.5925934
4.64519,1.9492775,0,3.7689266,0,0.5767696,2.2487712
4.6020203,1.2363126,0,3.4740114,0,0.51881856,1.845503
5.362905,0.38483316,0,3.2223287,0,0.53969866,1.9857111
4.697267,0,0,3.176069,0,0.5534491,0.9677488
5.8954744,0,0,3.8852623,0,0.73399645,1.2762154
6.2954283,0,0,3.812139,0,0.571146,1.9121432
5.9219003,0,0,3.216134,0,0.5850343,2.1207318
5.038826,0,0,2.6642058,0,0.6467668,1.7278535
5.1002083,0,0,2.2552328,0,0.5765513,2.268424
6.1811066,0,0,2.0271327,0,0.6132161,3.5407577
4.8581996,0,0,1.9999101,0,0.8857926,1.972497
5.277148,0,0,1.8467759,0,0.9080093,2.5223625
5.015287,0,0,1.722712,0,0.94092405,2.351651
4.8520765,0,0,1.7011305,0,0.9655421,2.1854038
4.8505363,0,0,1.711812,0,1.0357846,2.1029396
4.954525,0,0,2.0611238,0,1.2299395,1.6634617
4.799858,0,0,2.5489805,0,1.1591529,1.0917248
4.5874925,0.029041164,0,3.004583,0,1.2427535,0.3691973
4.5979247,1.1956942,0,3.2754786,0,1.0293823,1.4887581
3.512641,3.111506,0,3.5789905,0,1.2234073,1.8217492
1.7570165,6.9731846,0,4.0047526,0,0.96156114,3.763887
0.90066,8.82885,0,4.879902,0,1.166247,3.6833613
0.9732993,7.9292836,0,4.584253,0,0.9466506,3.371679
2.0243459,6.2501574,0,3.9139614,0,0.8585943,3.5019479
3.8011994,3.8121066,0,3.5730186,0,0.8972075,3.1430798
4.571919,2.4171038,0,3.3773983,0,1.0369709,2.5746539
4.718917,0.9691381,0,3.3801782,0,0.87049454,1.4373823
5.072751,0,0,3.4736845,0,0.93574387,0.6633228
6.2402267,0,0,3.9693532,0,1.0155495,1.2553239
6.4821687,0,0,3.7261379,0,0.8700806,1.8859506
6.016349,0,0,3.0261426,0,0.8974061,2.0928001
5.0883884,0,0,2.4838848,0,1.0070319,1.5974718
4.1904078,0,0,2.2243152,0,0.940967,1.0251255
3.7216945,0,0,2.2062824,0,0.98941547,0.52599674
5.279326,0,0,1.9999101,0,0.83729935,2.4421167
5.2845116,0,0,1.8467759,0,0.8502661,2.5874696
4.962683,0,0,1.722712,0,0.8577984,2.3821726
5.0509763,0,0,1.7011305,0,1.1424593,2.2073865
5.084125,0,0,1.711812,0,1.2536155,2.1186976
4.952464,0,0,2.0611238,0,1.2523232,1.6390167
4.849839,0,0,2.5489805,0,0.9922009,1.3086578
4.566618,0,0,3.00255,0,1.2625295,0.3015385
4.7539,0.67080235,0,3.2387362,0,0.85424495,1.3317211
2.3647125,4.330646,0,3.6643302,0,0.74907696,2.2819514
1.4450485,7.766629,0,4.060294,0,0.88453346,4.2668505
2.4582183,4.5864124,0,4.582931,0,0.6617984,1.7999012
3.8709018,3.0642102,0,4.2436976,0,0.6270763,2.064338
4.3649764,3.8545163,0,3.7462666,0,0.8067028,3.6665232
4.077148,4.077343,0,3.5915852,0,0.694626,3.86828
4.5685863,2.0325997,0,3.350483,0,0.92694545,2.3237576
4.751786,0.6289654,0,3.3563662,0,0.7826561,1.2417294
5.433032,0,0,3.4736845,0,0.67802465,1.2813232
6.469083,0,0,3.9693532,0,0.8595419,1.6401876
6.5169764,0,0,3.7261379,0,0.6594182,2.1314204
6.0682154,0,0,3.0261426,0,0.69111925,2.3509538
5.102485,0,0,2.4838848,0,0.7142707,1.9043298
4.064864,0,0,2.2243152,0,0.77297115,1.0675777
4.879061,0,0,2.2062824,0,0.78574103,1.8870381
5.2587967,0,0,1.9999101,0,1.1775553,2.0813313
5.2781706,0,0,1.8467759,0,1.1768132,2.2545815
5.2510333,0,0,1.722712,0,1.1769836,2.3513377
5.064006,0,0,1.7011305,0,1.17752,2.1853554
4.9893823,0,0,1.711812,0,1.1764363,2.1011338
5.028488,0,0,2.0611238,0,1.2038299,1.7635343
4.8300734,0,0,2.5489805,0,1.2171077,1.0639851
5.239724,0,0,3.00255,0,1.206697,1.0304774
4.804014,0.8235835,0,3.249431,0,1.1733761,1.2047908
3.263874,3.8508315,0,3.6307433,0,1.1757538,2.3082082
4.175213,4.584598,0,3.8375518,0,1.2119366,3.7103226
4.240293,2.02901,0,4.403913,0,1.199006,0.66638404
5.3183303,1.2263135,0,4.115045,0,1.2123511,1.2172478
5.021022,1.5508645,0,3.585011,0,1.2091448,1.7777305
6.202271,2.072647,0,3.4512565,0,1.2269042,3.5967574
5.8186884,1.4994129,0,3.31316,0,1.2343204,2.7706213
6.591645,0.38518435,0,3.3393016,0,1.2213372,2.4161906
5.8611093,0,0,3.4736845,0,1.2310553,1.1563697
6.4767194,0,0,3.9693532,0,1.259114,1.2482522
6.851048,0,0,3.7261379,0,1.2454914,1.8794188
6.3556433,0,0,3.0261426,0,1.2355483,2.0939527
5.307418,0,0,2.4838848,0,1.2301404,1.5933924
5.3471375,0,0,2.2243152,0,1.2172896,1.9055325
6.925981,0,0,2.2062824,0,1.1985217,3.521177
